dateName,locdate
1월1일,20210101
설날,20210211
설날,20210212
설날,20210213
삼일절,20210301
어린이날,20210505
부처님오신날,20210519
현충일,20210606
광복절,20210815
대체공휴일,20210816
추석,20210920
추석,20210921
추석,20210922
개천절,20211003
대체공휴일,20211004
한글날,20211009
대체공휴일,20211011
기독탄신일,20211225
1월1일,20220101
설날,20220131
설날,20220201
설날,20220202
삼일절,20220301
대통령선거일,20220309
어린이날,20220505
부처님오신날,20220508
전국동시지방선거,20220601
현충일,20220606
광복절,20220815
추석,20220909
추석,20220910
추석,20220911
대체공휴일,20220912
개천절,20221003
한글날,20221009
대체공휴일,20221010
기독탄신일,20221225
1월1일,20230101
설날,20230121
설날,20230122
설날,20230123
대체공휴일,20230124
삼일절,20230301
어린이날,20230505
부처님오신날,20230527
대체공휴일,20230529
현충일,20230606
광복절,20230815
추석,20230928
추석,20230929
추석,20230930
개천절,20231003
한글날,20231009
기독탄신일,20231225
