호선,역명,요일,비율
1,동대문,금,1.0615338128345906
1,동대문,목,1.0208503794341128
1,동대문,수,1.026640598568618
1,동대문,월,1.0052510450035614
1,동대문,일,0.8731509500939494
1,동대문,토,0.9893047050515652
1,동대문,화,1.0232685090136022
1,동묘앞,금,0.961748182324203
1,동묘앞,목,0.9022103028046172
1,동묘앞,수,0.9004452994052471
1,동묘앞,월,0.8442907749145082
1,동묘앞,일,1.2137810884219336
1,동묘앞,토,1.280488608948045
1,동묘앞,화,0.8970357431814462
1,서울역,금,1.190369557298157
1,서울역,목,1.0848111970172143
1,서울역,수,1.072388894831681
1,서울역,월,1.0554825225781712
1,서울역,일,0.6748796676551999
1,서울역,토,0.863308060708433
1,서울역,화,1.058760099911143
1,시청,금,1.1715874526470655
1,시청,목,1.17250828185869
1,시청,수,1.1878531850978022
1,시청,월,1.091405015845568
1,시청,일,0.4606975378233882
1,시청,토,0.7378490182137936
1,시청,화,1.1780995085136925
1,신설동,금,1.167066973684057
1,신설동,목,1.1227212865795633
1,신설동,수,1.1295142662433055
1,신설동,월,1.0973069721778512
1,신설동,일,0.5814117416649841
1,신설동,토,0.8002793046641454
1,신설동,화,1.1016994549860928
1,제기동,금,1.1093521602591876
1,제기동,목,1.083795724275215
1,제기동,수,1.0733553490533132
1,제기동,월,1.055395112426989
1,제기동,일,0.625030556259048
1,제기동,토,0.968909677531296
1,제기동,화,1.0841614201949512
1,종각,금,1.1886791199913866
1,종각,목,1.181818206126555
1,종각,수,1.195396631296537
1,종각,월,1.130267952971979
1,종각,일,0.442962886606955
1,종각,토,0.6923111623176849
1,종각,화,1.168564040688902
1,종로3가,금,1.134283596564119
1,종로3가,목,1.0763778059063107
1,종로3가,수,1.06896738407251
1,종로3가,월,1.0184292838689173
1,종로3가,일,0.6326977937544984
1,종로3가,토,1.0130551989294776
1,종로3가,화,1.0561889369041668
1,종로5가,금,1.148799000281289
1,종로5가,목,1.1113575678997318
1,종로5가,수,1.1026096501606693
1,종로5가,월,1.062271368975109
1,종로5가,일,0.5142995794221672
1,종로5가,토,0.9555063188607662
1,종로5가,화,1.1051565144002675
1,청량리(서울시립대입구),금,1.113035078886108
1,청량리(서울시립대입구),목,1.07042627906609
1,청량리(서울시립대입구),수,1.0579025403790117
1,청량리(서울시립대입구),월,1.0381602629435385
1,청량리(서울시립대입구),일,0.6770522355273784
1,청량리(서울시립대입구),토,0.9722810095276102
1,청량리(서울시립대입구),화,1.0711425936702632
2,강남,금,1.203101368058228
2,강남,목,1.142894288415567
2,강남,수,1.14221690221136
2,강남,월,1.113228360284515
2,강남,일,0.4493899805159456
2,강남,토,0.807528803356038
2,강남,화,1.1416402971583466
2,강변(동서울터미널),금,1.156738823755032
2,강변(동서울터미널),목,1.0474038469306244
2,강변(동서울터미널),수,1.0340820023568744
2,강변(동서울터미널),월,1.0277907985876376
2,강변(동서울터미널),일,0.7532357059969383
2,강변(동서울터미널),토,0.9589608619560877
2,강변(동서울터미널),화,1.021787960416806
2,건대입구,금,1.121010015629781
2,건대입구,목,1.0412675026767957
2,건대입구,수,1.0356780077745675
2,건대입구,월,0.9878465762776076
2,건대입구,일,0.7608544977545145
2,건대입구,토,1.0349514640020447
2,건대입구,화,1.0183919358846891
2,교대(법원.검찰청),금,1.2215611543067235
2,교대(법원.검찰청),목,1.212248414820991
2,교대(법원.검찰청),수,1.223581410088095
2,교대(법원.검찰청),월,1.1696346480036486
2,교대(법원.검찰청),일,0.3503276221113702
2,교대(법원.검찰청),토,0.6037525175752437
2,교대(법원.검찰청),화,1.2188942330939272
2,구로디지털단지,금,1.183528492056778
2,구로디지털단지,목,1.1763991906930813
2,구로디지털단지,수,1.1824618500500634
2,구로디지털단지,월,1.1489628221591188
2,구로디지털단지,일,0.4554978391283409
2,구로디지털단지,토,0.674671449912414
2,구로디지털단지,화,1.178478356000203
2,구의(광진구청),금,1.1650614317855434
2,구의(광진구청),목,1.140294352926218
2,구의(광진구청),수,1.147876000182209
2,구의(광진구청),월,1.1003987702152311
2,구의(광진구청),일,0.5244824515048985
2,구의(광진구청),토,0.7827107674569272
2,구의(광진구청),화,1.1391762259289728
2,낙성대(강감찬),금,1.1514352970248662
2,낙성대(강감찬),목,1.11070760207142
2,낙성대(강감찬),수,1.1169326768343024
2,낙성대(강감찬),월,1.0630716781922116
2,낙성대(강감찬),일,0.5970012529566684
2,낙성대(강감찬),토,0.8608842398389829
2,낙성대(강감찬),화,1.0999672530815483
2,당산,금,1.1653577437384697
2,당산,목,1.1472194697446476
2,당산,수,1.1572654824030453
2,당산,월,1.0958607945758732
2,당산,일,0.5109361013707614
2,당산,토,0.7791830885183642
2,당산,화,1.1441773196488385
2,대림(구로구청),금,1.1137499172089125
2,대림(구로구청),목,1.096559469667687
2,대림(구로구청),수,1.1089296171960106
2,대림(구로구청),월,1.0923030329438226
2,대림(구로구청),일,0.6647863615838387
2,대림(구로구청),토,0.8219379200474707
2,대림(구로구청),화,1.1017336813522576
2,도림천,금,1.1720716274831215
2,도림천,목,1.1770459535857585
2,도림천,수,1.185846236733671
2,도림천,월,1.1756288010025164
2,도림천,일,0.4119005885401457
2,도림천,토,0.6922867856217719
2,도림천,화,1.1852200070330154
2,동대문역사문화공원(DDP),금,1.1369920291718052
2,동대문역사문화공원(DDP),목,1.0766726525992671
2,동대문역사문화공원(DDP),수,1.0818487215512826
2,동대문역사문화공원(DDP),월,1.0092418463451671
2,동대문역사문화공원(DDP),일,0.7116351713278717
2,동대문역사문화공원(DDP),토,0.9370651930651452
2,동대문역사문화공원(DDP),화,1.0465443859394612
2,뚝섬,금,1.189567530969815
2,뚝섬,목,1.1438052124737874
2,뚝섬,수,1.1503067579639876
2,뚝섬,월,1.0823463415984025
2,뚝섬,일,0.527336127155355
2,뚝섬,토,0.7751966633083971
2,뚝섬,화,1.1314413665302565
2,문래,금,1.1897065744399788
2,문래,목,1.185470019209785
2,문래,수,1.1965038167597664
2,문래,월,1.1516554833565569
2,문래,일,0.4064046880041855
2,문래,토,0.6789110456061203
2,문래,화,1.1913483726236065
2,방배,금,1.1726348454623798
2,방배,목,1.2004882345829826
2,방배,수,1.2095321279796354
2,방배,월,1.146233906200255
2,방배,일,0.4139241140407014
2,방배,토,0.6523157410846827
2,방배,화,1.2048710306493633
2,봉천,금,1.1471895234042095
2,봉천,목,1.1263738847785767
2,봉천,수,1.1333390998135902
2,봉천,월,1.1013144118608629
2,봉천,일,0.552910249870588
2,봉천,토,0.8086819075959504
2,봉천,화,1.1301909226762223
2,사당,금,1.1577505131209445
2,사당,목,1.1042429618016083
2,사당,수,1.100624625572588
2,사당,월,1.0250091760313012
2,사당,일,0.6031045864048006
2,사당,토,0.9218952039635898
2,사당,화,1.0873729331051674
2,삼성(무역센터),금,1.2062852480656774
2,삼성(무역센터),목,1.200251579219097
2,삼성(무역센터),수,1.1806768515318893
2,삼성(무역센터),월,1.0908893875963332
2,삼성(무역센터),일,0.4770702624217505
2,삼성(무역센터),토,0.7046389168457188
2,삼성(무역센터),화,1.140187754319534
2,상왕십리,금,1.1670757042818016
2,상왕십리,목,1.1403737900278883
2,상왕십리,수,1.151670693254069
2,상왕십리,월,1.1057101602049926
2,상왕십리,일,0.5298081281165172
2,상왕십리,토,0.7720675118817624
2,상왕십리,화,1.1332940122329682
2,서울대입구(관악구청),금,1.1553775980358272
2,서울대입구(관악구청),목,1.104757006255122
2,서울대입구(관악구청),수,1.1120886628238549
2,서울대입구(관악구청),월,1.072125407256307
2,서울대입구(관악구청),일,0.5866965118469969
2,서울대입구(관악구청),토,0.8650072786463616
2,서울대입구(관악구청),화,1.103947535135531
2,서초,금,1.163282131226939
2,서초,목,1.1697170084559994
2,서초,수,1.1974132659944074
2,서초,월,1.1351219770462488
2,서초,일,0.5450769128966145
2,서초,토,0.6101589035974785
2,서초,화,1.179229800782312
2,선릉,금,1.2222373056836393
2,선릉,목,1.2467499251168814
2,선릉,수,1.2596284001321634
2,선릉,월,1.2218903815679354
2,선릉,일,0.2753236533640218
2,선릉,토,0.5162883036670787
2,선릉,화,1.2578820304682805
2,성수,금,1.2057861951237956
2,성수,목,1.1805277381698438
2,성수,수,1.1930761508347931
2,성수,월,1.1337128286417997
2,성수,일,0.4466166583994626
2,성수,토,0.6654995520384174
2,성수,화,1.1747808767918868
2,시청,금,1.2219183129397244
2,시청,목,1.2244042462212106
2,시청,수,1.242043851987972
2,시청,월,1.161213000029029
2,시청,일,0.3407414615250587
2,시청,토,0.5793990042580359
2,시청,화,1.23028012303897
2,신답,금,1.179012913422958
2,신답,목,1.1606244067338125
2,신답,수,1.170126489277256
2,신답,월,1.1239193758559327
2,신답,일,0.5055546287113636
2,신답,토,0.7123366261354016
2,신답,화,1.1484255598632755
2,신당,금,1.1462465795449108
2,신당,목,1.0999952682561291
2,신당,수,1.1131284376030248
2,신당,월,1.0552358860888282
2,신당,일,0.6176797305827929
2,신당,토,0.8725552746811248
2,신당,화,1.0951588232431893
2,신대방,금,1.1291457059222887
2,신대방,목,1.1061405497148886
2,신대방,수,1.11126937480992
2,신대방,월,1.0805986906449734
2,신대방,일,0.6239491865688171
2,신대방,토,0.8462652486272297
2,신대방,화,1.1026312437118826
2,신도림,금,1.130648783793616
2,신도림,목,1.10248939155159
2,신도림,수,1.1108015936963225
2,신도림,월,1.0503262794892925
2,신도림,일,0.6083159562907128
2,신도림,토,0.916372306164994
2,신도림,화,1.081045689013473
2,신림,금,1.1370895789050344
2,신림,목,1.0966457881538954
2,신림,수,1.1009252051527392
2,신림,월,1.062481839978516
2,신림,일,0.634785119668686
2,신림,토,0.883376460673909
2,신림,화,1.0846960074672192
2,신설동,금,1.129641477875292
2,신설동,목,1.017278275451985
2,신설동,수,1.020364417101062
2,신설동,월,0.9908535076678112
2,신설동,일,0.8399119800076668
2,신설동,토,1.0311984788040187
2,신설동,화,0.970751863092164
2,신정네거리,금,1.1459468719115176
2,신정네거리,목,1.1267803581971163
2,신정네거리,수,1.139584141743074
2,신정네거리,월,1.1022558290265088
2,신정네거리,일,0.5486202092120934
2,신정네거리,토,0.8043134007681737
2,신정네거리,화,1.1324991891415168
2,신촌,금,1.1344195389113834
2,신촌,목,1.073361431339477
2,신촌,수,1.0734803228082022
2,신촌,월,1.0137545329450206
2,신촌,일,0.6679511652535792
2,신촌,토,0.9767190756933324
2,신촌,화,1.0603139330490048
2,아현,금,1.1643902383290954
2,아현,목,1.133726459285366
2,아현,수,1.1406769501600669
2,아현,월,1.0797059597853744
2,아현,일,0.5413689853426515
2,아현,토,0.8093806718290498
2,아현,화,1.1307507352683954
2,양천구청,금,1.1533042330710186
2,양천구청,목,1.1444155267330272
2,양천구청,수,1.1570281234963158
2,양천구청,월,1.1206973336773316
2,양천구청,일,0.5239870013364984
2,양천구청,토,0.751418995623729
2,양천구청,화,1.1491487860620793
2,역삼,금,1.2167229652585474
2,역삼,목,1.2669808096772948
2,역삼,수,1.2916165112176716
2,역삼,월,1.2559921468218844
2,역삼,일,0.2512905911666652
2,역삼,토,0.4252360209506675
2,역삼,화,1.2921609549072692
2,영등포구청,금,1.1864739309894998
2,영등포구청,목,1.1849969916518326
2,영등포구청,수,1.1997786755866129
2,영등포구청,월,1.16590536395751
2,영등포구청,일,0.4069601655313318
2,영등포구청,토,0.6645724317208593
2,영등포구청,화,1.191312440562354
2,왕십리(성동구청),금,1.1597953033018535
2,왕십리(성동구청),목,1.105699980964581
2,왕십리(성동구청),수,1.111745114420041
2,왕십리(성동구청),월,1.043209178917465
2,왕십리(성동구청),일,0.6057945426912349
2,왕십리(성동구청),토,0.8908944814125297
2,왕십리(성동구청),화,1.0828613982922943
2,용답,금,1.1269573811107632
2,용답,목,1.1234986396241586
2,용답,수,1.1169018530735386
2,용답,월,1.0995072468517684
2,용답,일,0.6167789882637565
2,용답,토,0.7984994937155357
2,용답,화,1.1178563973604791
2,용두(동대문구청),금,1.1797140537087156
2,용두(동대문구청),목,1.1252382611708711
2,용두(동대문구청),수,1.128120124212505
2,용두(동대문구청),월,1.1037180936362867
2,용두(동대문구청),일,0.5255042016852748
2,용두(동대문구청),토,0.8144426904474215
2,용두(동대문구청),화,1.123262575138925
2,을지로3가,금,1.2105220464398128
2,을지로3가,목,1.1887562942110823
2,을지로3가,수,1.2170305648928863
2,을지로3가,월,1.150453013546579
2,을지로3가,일,0.4296445906495176
2,을지로3가,토,0.6179615189773623
2,을지로3가,화,1.1856319712827588
2,을지로4가,금,1.2149782832529108
2,을지로4가,목,1.1909342300075132
2,을지로4가,수,1.196342805766374
2,을지로4가,월,1.1563694984670452
2,을지로4가,일,0.3586933378677376
2,을지로4가,토,0.6940739232484187
2,을지로4가,화,1.188607921390001
2,을지로입구,금,1.1864576559969615
2,을지로입구,목,1.174191395941226
2,을지로입구,수,1.1824300031394392
2,을지로입구,월,1.1127555403882936
2,을지로입구,일,0.4798245706204339
2,을지로입구,토,0.6965612196715965
2,을지로입구,화,1.1677796142420491
2,이대,금,1.1653682605873148
2,이대,목,1.1320965531883744
2,이대,수,1.134713448232335
2,이대,월,1.0791262053954698
2,이대,일,0.5435498063100946
2,이대,토,0.8272947234713166
2,이대,화,1.1178510028150948
2,잠실(송파구청),금,1.1301974888662232
2,잠실(송파구청),목,1.0452000794967873
2,잠실(송파구청),수,1.0499201516221417
2,잠실(송파구청),월,0.9775841030010376
2,잠실(송파구청),일,0.7360552057245877
2,잠실(송파구청),토,1.0332489197083818
2,잠실(송파구청),화,1.027794051580842
2,잠실나루,금,1.1991486702637917
2,잠실나루,목,1.1925232108550652
2,잠실나루,수,1.2142538250080552
2,잠실나루,월,1.1675119225421595
2,잠실나루,일,0.4078980447851152
2,잠실나루,토,0.6115890811015648
2,잠실나루,화,1.2070752454442484
2,잠실새내,금,1.163494227519072
2,잠실새내,목,1.1027670916849763
2,잠실새내,수,1.1056384254573195
2,잠실새내,월,1.0615159856671994
2,잠실새내,일,0.5756283490010295
2,잠실새내,토,0.8940448447889594
2,잠실새내,화,1.0969110758814429
2,종합운동장,금,1.2001315649662143
2,종합운동장,목,0.9730982806461485
2,종합운동장,수,0.9249732655294044
2,종합운동장,월,0.71709125056435
2,종합운동장,일,0.9578399751125614
2,종합운동장,토,1.3050693810373302
2,종합운동장,화,0.9217962821439916
2,충정로(경기대입구),금,1.1698378907051352
2,충정로(경기대입구),목,1.1843865298510388
2,충정로(경기대입구),수,1.204473101972321
2,충정로(경기대입구),월,1.1557893304885771
2,충정로(경기대입구),일,0.4191798439660266
2,충정로(경기대입구),토,0.6785536931185835
2,충정로(경기대입구),화,1.1877796098983175
2,한양대,금,1.139061275432788
2,한양대,목,1.273080724470505
2,한양대,수,1.2721503095711415
2,한양대,월,1.2174511690411285
2,한양대,일,0.2893856399464704
2,한양대,토,0.5194735987460065
2,한양대,화,1.2893972827919598
2,합정,금,1.1439991245282333
2,합정,목,1.072617194146565
2,합정,수,1.0615501957876103
2,합정,월,0.9919305776141056
2,합정,일,0.6931993427776344
2,합정,토,0.997245952721428
2,합정,화,1.039457612424424
2,홍대입구,금,1.0903286368448388
2,홍대입구,목,0.9894261134221296
2,홍대입구,수,0.9784719788711238
2,홍대입구,월,0.918021779180912
2,홍대입구,일,0.8805545738448338
2,홍대입구,토,1.1867976564831548
2,홍대입구,화,0.9563992613530076
3,가락시장,금,1.1906284591408849
3,가락시장,목,1.1486304438866208
3,가락시장,수,1.1537011951138991
3,가락시장,월,1.117491072402265
3,가락시장,일,0.4649504426174438
3,가락시장,토,0.7785543529954022
3,가락시장,화,1.146044033843484
3,경복궁(정부서울청사),금,1.1232709685994666
3,경복궁(정부서울청사),목,1.0933525599609952
3,경복궁(정부서울청사),수,1.1160418211758123
3,경복궁(정부서울청사),월,1.0112563668092769
3,경복궁(정부서울청사),일,0.6868989491018777
3,경복궁(정부서울청사),토,0.951379625655826
3,경복궁(정부서울청사),화,1.0177997086967443
3,경찰병원,금,1.1910526494828912
3,경찰병원,목,1.1781688876623388
3,경찰병원,수,1.2059310399235437
3,경찰병원,월,1.1796765158741134
3,경찰병원,일,0.4181483233431857
3,경찰병원,토,0.6384686781473161
3,경찰병원,화,1.18855390556661
3,고속터미널,금,1.1285866024150335
3,고속터미널,목,0.9514348602369516
3,고속터미널,수,0.927918623030659
3,고속터미널,월,0.9013082865963036
3,고속터미널,일,0.9676410392733577
3,고속터미널,토,1.2005164459035358
3,고속터미널,화,0.9225941425441596
3,교대(법원.검찰청),금,1.2362400548344958
3,교대(법원.검찰청),목,1.2291230627271752
3,교대(법원.검찰청),수,1.2308775939435748
3,교대(법원.검찰청),월,1.164796542703764
3,교대(법원.검찰청),일,0.3397105060303574
3,교대(법원.검찰청),토,0.5865312347916642
3,교대(법원.검찰청),화,1.2127210049689685
3,구파발,금,1.134706480816056
3,구파발,목,1.1161454731916398
3,구파발,수,1.1251985999596663
3,구파발,월,1.0937445742840062
3,구파발,일,0.5879265847897048
3,구파발,토,0.8206721312300511
3,구파발,화,1.1216061557288748
3,금호,금,1.1528577915879985
3,금호,목,1.123243491086782
3,금호,수,1.133143314209992
3,금호,월,1.0837829901215472
3,금호,일,0.5727619962749768
3,금호,토,0.8157316355904914
3,금호,화,1.118478781128212
3,남부터미널(예술의전당),금,1.214323004733007
3,남부터미널(예술의전당),목,1.1223869710810264
3,남부터미널(예술의전당),수,1.1154101673182737
3,남부터미널(예술의전당),월,1.076097449679794
3,남부터미널(예술의전당),일,0.5435761158702204
3,남부터미널(예술의전당),토,0.8171314835215154
3,남부터미널(예술의전당),화,1.111074807796164
3,녹번,금,1.1538979316508866
3,녹번,목,1.151594026396818
3,녹번,수,1.1562174061233983
3,녹번,월,1.1180933706348846
3,녹번,일,0.5118245544532203
3,녹번,토,0.7582465101348683
3,녹번,화,1.1501262006059236
3,대청,금,1.1871910535554917
3,대청,목,1.1696334140477975
3,대청,수,1.190892317829972
3,대청,월,1.155408478074751
3,대청,일,0.4510642549758455
3,대청,토,0.6741432291636574
3,대청,화,1.1716672523524845
3,대치,금,1.136897451270178
3,대치,목,1.09718280828012
3,대치,수,1.0806278285004254
3,대치,월,1.0734649363545945
3,대치,일,0.5796666884817404
3,대치,토,0.9333015238640804
3,대치,화,1.0988587632488611
3,도곡,금,1.1853320520867794
3,도곡,목,1.1660545078775837
3,도곡,수,1.1768119546969638
3,도곡,월,1.1650320249376391
3,도곡,일,0.4109086099817528
3,도곡,토,0.7313163752737382
3,도곡,화,1.1645444751455436
3,독립문,금,1.1283930323374214
3,독립문,목,1.0874421085076749
3,독립문,수,1.0967163462945697
3,독립문,월,1.0239853621578188
3,독립문,일,0.6515714896355446
3,독립문,토,0.9224798927896006
3,독립문,화,1.0894117682773696
3,동대입구,금,1.0686741395792612
3,동대입구,목,1.119570616455858
3,동대입구,수,1.0972621106893874
3,동대입구,월,1.039767347098989
3,동대입구,일,0.6621591093607386
3,동대입구,토,0.9159916123508012
3,동대입구,화,1.096575064464964
3,매봉,금,1.2086198068560272
3,매봉,목,1.210109282118346
3,매봉,수,1.2256172895656792
3,매봉,월,1.178477066369574
3,매봉,일,0.3762842964117627
3,매봉,토,0.5868045068905059
3,매봉,화,1.214087751788105
3,무악재,금,1.1448816096657497
3,무악재,목,1.1471779031369105
3,무악재,수,1.1450868679994308
3,무악재,월,1.1064950858685303
3,무악재,일,0.5260601985193583
3,무악재,토,0.7881906904787555
3,무악재,화,1.142107644331264
3,불광,금,1.1184990138439603
3,불광,목,1.1042337242923157
3,불광,수,1.1108188350582104
3,불광,월,1.0706025890689703
3,불광,일,0.6251996039766329
3,불광,토,0.8667915623121557
3,불광,화,1.1038546714477544
3,수서,금,1.1812161237762036
3,수서,목,1.0914276816856647
3,수서,수,1.0890911073908995
3,수서,월,1.0649890186248514
3,수서,일,0.6364833999641574
3,수서,토,0.8633685392997538
3,수서,화,1.073424129258469
3,신사,금,1.1916964800511018
3,신사,목,1.1118883316928936
3,신사,수,1.1017152891952808
3,신사,월,1.0783865673802715
3,신사,일,0.4881446318196736
3,신사,토,0.916454038176332
3,신사,화,1.111714661684447
3,안국,금,1.145536984763113
3,안국,목,1.0966895620782768
3,안국,수,1.1271338529173915
3,안국,월,1.0189410036162854
3,안국,일,0.6265508113102656
3,안국,토,0.912944740633376
3,안국,화,1.0722030446812916
3,압구정,금,1.1951320755368766
3,압구정,목,1.1192562475738417
3,압구정,수,1.1266499317916538
3,압구정,월,1.079293055434333
3,압구정,일,0.4720235658049362
3,압구정,토,0.8710857055892596
3,압구정,화,1.1365594182690988
3,약수,금,1.1626046381490782
3,약수,목,1.1302499509867452
3,약수,수,1.1427278386919495
3,약수,월,1.0946582947914647
3,약수,일,0.5559342778900408
3,약수,토,0.7897665755248082
3,약수,화,1.1240584239659133
3,양재(서초구청),금,1.2331699322285088
3,양재(서초구청),목,1.1985012305481135
3,양재(서초구청),수,1.202429523032437
3,양재(서초구청),월,1.1496810669674264
3,양재(서초구청),일,0.3903408904810173
3,양재(서초구청),토,0.6366338010219104
3,양재(서초구청),화,1.189243555720587
3,연신내,금,1.1320745224398283
3,연신내,목,1.097087830113782
3,연신내,수,1.1052101556663658
3,연신내,월,1.0714178564481578
3,연신내,일,0.6190247439304183
3,연신내,토,0.8787233561278541
3,연신내,화,1.096461535273593
3,오금,금,1.1737776498047958
3,오금,목,1.1672595288207517
3,오금,수,1.175119260213604
3,오금,월,1.1509520266689592
3,오금,일,0.468317706371113
3,오금,토,0.6902027853125983
3,오금,화,1.1743710428081775
3,옥수,금,1.1518134462973035
3,옥수,목,1.1149933969011776
3,옥수,수,1.1148467142156546
3,옥수,월,1.0683730327100256
3,옥수,일,0.5875782655790748
3,옥수,토,0.8572414659387579
3,옥수,화,1.105153678358006
3,을지로3가,금,1.2267070332513117
3,을지로3가,목,1.1974040683130565
3,을지로3가,수,1.2179698264678236
3,을지로3가,월,1.164535153390949
3,을지로3가,일,0.3898014607781485
3,을지로3가,토,0.6168887437373479
3,을지로3가,화,1.1866937140613634
3,일원,금,1.198573801852109
3,일원,목,1.2126664613985465
3,일원,수,1.2217618436573756
3,일원,월,1.1865638978754374
3,일원,일,0.3795492558323082
3,일원,토,0.5804139773288015
3,일원,화,1.2204707620554216
3,잠원,금,1.176852846741096
3,잠원,목,1.1339623709155429
3,잠원,수,1.1500074157803777
3,잠원,월,1.104156255637471
3,잠원,일,0.4919421267092566
3,잠원,토,0.8059539769489635
3,잠원,화,1.1371250072672927
3,종로3가,금,1.205689706143271
3,종로3가,목,1.1704791767373448
3,종로3가,수,1.171516235259071
3,종로3가,월,1.1189077147362414
3,종로3가,일,0.4666718774850007
3,종로3가,토,0.7167333903445932
3,종로3가,화,1.150001899294478
3,지축,금,1.1504015094377136
3,지축,목,1.1365216506956484
3,지축,수,1.1534559280660617
3,지축,월,1.107474806138554
3,지축,일,0.529645623037415
3,지축,토,0.7790035485806255
3,지축,화,1.1434969340439816
3,충무로,금,1.2
3,충무로,목,1.23
3,충무로,수,1.22
3,충무로,월,1.17
3,충무로,일,0.37
3,충무로,토,0.6
3,충무로,화,1.21
3,학여울,금,1.2615445670823808
3,학여울,목,1.1685466060667526
3,학여울,수,0.9409151173052848
3,학여울,월,0.8563374689015976
3,학여울,일,0.7336229265079562
3,학여울,토,1.142834246082559
3,학여울,화,0.8961990680534688
3,홍제,금,1.1332137073980384
3,홍제,목,1.1199673553014975
3,홍제,수,1.1269128353437203
3,홍제,월,1.0922409890711016
3,홍제,일,0.5711978195718532
3,홍제,토,0.8354441226500819
3,홍제,화,1.1210231706637066
4,길음,금,1.1423090925848849
4,길음,목,1.1441041240580605
4,길음,수,1.150084343765847
4,길음,월,1.087410855410545
4,길음,일,0.5474356532823785
4,길음,토,0.7909925990684661
4,길음,화,1.137663331829819
4,남태령,금,1.1588112125260457
4,남태령,목,1.0732275791461805
4,남태령,수,1.0742313306692042
4,남태령,월,1.009379031658229
4,남태령,일,0.6277169389613778
4,남태령,토,0.9864474122606366
4,남태령,화,1.0701864947783262
4,노원,금,1.1338733245605124
4,노원,목,1.0785696844110486
4,노원,수,1.0867981131999844
4,노원,월,1.038096437250224
4,노원,일,0.6662792659251633
4,노원,토,0.919877444819313
4,노원,화,1.0765057298337553
4,당고개,금,1.120110308453292
4,당고개,목,1.097413033477341
4,당고개,수,1.0871832939891757
4,당고개,월,1.0757545329669964
4,당고개,일,0.6666717251225395
4,당고개,토,0.8661022813217225
4,당고개,화,1.0867648246689334
4,동대문,금,1.174142858078428
4,동대문,목,1.1489896631245384
4,동대문,수,1.1412095779736555
4,동대문,월,1.1305273141210876
4,동대문,일,0.4586293716246507
4,동대문,토,0.7979049869933571
4,동대문,화,1.1485962280842834
4,동대문역사문화공원(DDP),금,1.1293636004673662
4,동대문역사문화공원(DDP),목,1.0972457515816687
4,동대문역사문화공원(DDP),수,1.0997991517577106
4,동대문역사문화공원(DDP),월,1.0416905097072189
4,동대문역사문화공원(DDP),일,0.6789865370479415
4,동대문역사문화공원(DDP),토,0.8835519245980495
4,동대문역사문화공원(DDP),화,1.0693625248400442
4,동작(현충원),금,1.1276209116968978
4,동작(현충원),목,1.0679276636951889
4,동작(현충원),수,1.0775241452035895
4,동작(현충원),월,1.0405451902846583
4,동작(현충원),일,0.6955469705578753
4,동작(현충원),토,0.9112552319133556
4,동작(현충원),화,1.079579886648434
4,명동,금,1.1200143317030609
4,명동,목,1.0685932471397146
4,명동,수,1.095136361893806
4,명동,월,1.0358887946984203
4,명동,일,0.6888502798837279
4,명동,토,0.9221570009051276
4,명동,화,1.0693599837761432
4,미아(서울사이버대학),금,1.139571660293093
4,미아(서울사이버대학),목,1.120114124766322
4,미아(서울사이버대학),수,1.1327246611570452
4,미아(서울사이버대학),월,1.0962856318318963
4,미아(서울사이버대학),일,0.5817093405638794
4,미아(서울사이버대학),토,0.8091585360205215
4,미아(서울사이버대학),화,1.1204360453672424
4,미아사거리,금,1.1314920947767262
4,미아사거리,목,1.095275114301164
4,미아사거리,수,1.1015519099744735
4,미아사거리,월,1.058865375659211
4,미아사거리,일,0.6294963407077317
4,미아사거리,토,0.8900855096715196
4,미아사거리,화,1.0932336549091746
4,사당,금,1.1606025288446526
4,사당,목,1.090266415098646
4,사당,수,1.0872476627192222
4,사당,월,1.022724576097446
4,사당,일,0.6313351415283881
4,사당,토,0.9343736740572594
4,사당,화,1.0734500016543855
4,삼각지,금,1.1787101330125227
4,삼각지,목,1.1264930324762652
4,삼각지,수,1.1124220157025209
4,삼각지,월,1.0223711956309494
4,삼각지,일,0.5804496424154166
4,삼각지,토,0.8869035957528499
4,삼각지,화,1.0926503850094749
4,상계,금,1.1302984193255623
4,상계,목,1.1195537384834189
4,상계,수,1.1306279164306712
4,상계,월,1.09171307302488
4,상계,일,0.5855339800820695
4,상계,토,0.8192616338922878
4,상계,화,1.1230112387611115
4,서울역,금,1.1930477968441355
4,서울역,목,1.1860097958974325
4,서울역,수,1.201115694634984
4,서울역,월,1.144122750951039
4,서울역,일,0.4481573806101279
4,서울역,토,0.6514272227605984
4,서울역,화,1.1761193583016831
4,성신여대입구(돈암),금,1.138975216156445
4,성신여대입구(돈암),목,1.0904241718163454
4,성신여대입구(돈암),수,1.108453755611015
4,성신여대입구(돈암),월,1.0449789678685093
4,성신여대입구(돈암),일,0.6437620569993948
4,성신여대입구(돈암),토,0.8883013580315525
4,성신여대입구(돈암),화,1.085104473516738
4,수유(강북구청),금,1.1371690050482135
4,수유(강북구청),목,1.098866159633258
4,수유(강북구청),수,1.1028874905157846
4,수유(강북구청),월,1.0656346652633522
4,수유(강북구청),일,0.6337511963714655
4,수유(강북구청),토,0.866979423767605
4,수유(강북구청),화,1.0947120594003203
4,숙대입구(갈월),금,1.123277683208034
4,숙대입구(갈월),목,1.131179235875647
4,숙대입구(갈월),수,1.1441507327465985
4,숙대입구(갈월),월,1.0721222535994248
4,숙대입구(갈월),일,0.581366131069738
4,숙대입구(갈월),토,0.8207477511011323
4,숙대입구(갈월),화,1.127156212399426
4,신용산,금,1.1736448487835685
4,신용산,목,1.1359387912633598
4,신용산,수,1.1480973889197503
4,신용산,월,1.0807080634509385
4,신용산,일,0.5570306981808227
4,신용산,토,0.776587514089719
4,신용산,화,1.127992695311841
4,쌍문,금,1.1373428339271725
4,쌍문,목,1.1172872312719646
4,쌍문,수,1.12564710935015
4,쌍문,월,1.0899918646651223
4,쌍문,일,0.589821977174609
4,쌍문,토,0.8255382836278996
4,쌍문,화,1.114370699983082
4,이촌(국립중앙박물관),금,1.0898425438910724
4,이촌(국립중앙박물관),목,1.0366574413100027
4,이촌(국립중앙박물관),수,1.0940686440799197
4,이촌(국립중앙박물관),월,0.9612512512067052
4,이촌(국립중앙박물관),일,0.7153953418932264
4,이촌(국립중앙박물관),토,1.0612862864834725
4,이촌(국립중앙박물관),화,1.041498491135602
4,창동,금,1.1478373189625783
4,창동,목,1.0980013820386796
4,창동,수,1.1074148727330095
4,창동,월,1.063903978202075
4,창동,일,0.6285210488723748
4,창동,토,0.859269709106727
4,창동,화,1.095051690084555
4,총신대입구(이수),금,1.1598485639268947
4,총신대입구(이수),목,1.1106126815896389
4,총신대입구(이수),수,1.1269687429762765
4,총신대입구(이수),월,1.0749869221886434
4,총신대입구(이수),일,0.5755577484690292
4,총신대입구(이수),토,0.8416818046355683
4,총신대입구(이수),화,1.11034353621395
4,충무로,금,1.1988232436902948
4,충무로,목,1.2302408320168072
4,충무로,수,1.221774785363712
4,충무로,월,1.1687871767284284
4,충무로,일,0.3675704389236928
4,충무로,토,0.5984563433763438
4,충무로,화,1.214347179900721
4,한성대입구(삼선교),금,1.1402352241787044
4,한성대입구(삼선교),목,1.111890937748601
4,한성대입구(삼선교),수,1.125043121570355
4,한성대입구(삼선교),월,1.0499797735016088
4,한성대입구(삼선교),일,0.602305971136339
4,한성대입구(삼선교),토,0.8603857040181441
4,한성대입구(삼선교),화,1.1101592678462486
4,혜화,금,1.1361808687492418
4,혜화,목,1.084599686613844
4,혜화,수,1.113118612398308
4,혜화,월,0.955177161622943
4,혜화,일,0.7067150089137869
4,혜화,토,0.956951513312411
4,혜화,화,1.0472571483894653
4,회현(남대문시장),금,1.147685258037212
4,회현(남대문시장),목,1.130590929357588
4,회현(남대문시장),수,1.1386223395712525
4,회현(남대문시장),월,1.0912707333444498
4,회현(남대문시장),일,0.4531118701112953
4,회현(남대문시장),토,0.8887789920970663
4,회현(남대문시장),화,1.1499398774811365
5,강동,금,1.1506967521067528
5,강동,목,1.1382487693457393
5,강동,수,1.1435522150084874
5,강동,월,1.1151348175486289
5,강동,일,0.5241555165554387
5,강동,토,0.7887606990592076
5,강동,화,1.1394512303757454
5,강일,금,1.14762337014959
5,강일,목,1.1314550482690124
5,강일,수,1.145012668893552
5,강일,월,1.1004262022324345
5,강일,일,0.5470236151182121
5,강일,토,0.7887717700773363
5,강일,화,1.1396873252598625
5,개롱,금,1.1678132157536396
5,개롱,목,1.1556943835375244
5,개롱,수,1.1661810338908267
5,개롱,월,1.1242575702693185
5,개롱,일,0.4957605618835953
5,개롱,토,0.741251794760277
5,개롱,화,1.149041439904818
5,개화산,금,1.1520502429096784
5,개화산,목,1.1449574153507935
5,개화산,수,1.1562733239441332
5,개화산,월,1.1266765320023455
5,개화산,일,0.5243623179848597
5,개화산,토,0.7466716567170335
5,개화산,화,1.1490085110911563
5,거여,금,1.1642770249745265
5,거여,목,1.1565002852899264
5,거여,수,1.172262724146497
5,거여,월,1.1260070455300075
5,거여,일,0.4928114504348465
5,거여,토,0.7244086871743005
5,거여,화,1.1637327824498958
5,고덕,금,1.1812006300575952
5,고덕,목,1.1407867593429608
5,고덕,수,1.1629846154130357
5,고덕,월,1.1226422885873673
5,고덕,일,0.4824012811089432
5,고덕,토,0.7582785462602591
5,고덕,화,1.151705879229838
5,공덕,금,1.200433709568529
5,공덕,목,1.2083257766441602
5,공덕,수,1.2255333698828252
5,공덕,월,1.1636276724645225
5,공덕,일,0.3739467077133225
5,공덕,토,0.6119248227815436
5,공덕,화,1.2162079409450977
5,광나루(장신대),금,1.1321186954835414
5,광나루(장신대),목,1.1110405729120687
5,광나루(장신대),수,1.1201409835127678
5,광나루(장신대),월,1.0621572364167573
5,광나루(장신대),일,0.6059059443980902
5,광나루(장신대),토,0.8563271355905021
5,광나루(장신대),화,1.1123094316862725
5,광화문(세종문화회관),금,1.1664952544210734
5,광화문(세종문화회관),목,1.1701878343178025
5,광화문(세종문화회관),수,1.197014532850651
5,광화문(세종문화회관),월,1.1067591652957722
5,광화문(세종문화회관),일,0.4949479700365378
5,광화문(세종문화회관),토,0.698481793355702
5,광화문(세종문화회관),화,1.166113449722462
5,군자(능동),금,1.1505988762843613
5,군자(능동),목,1.1240822400659762
5,군자(능동),수,1.128733131643079
5,군자(능동),월,1.0666657659117749
5,군자(능동),일,0.581403654861342
5,군자(능동),토,0.8387922833744026
5,군자(능동),화,1.1097240478590635
5,굽은다리(강동구민회관앞),금,1.1384852721774277
5,굽은다리(강동구민회관앞),목,1.1102328935528605
5,굽은다리(강동구민회관앞),수,1.1280099665123262
5,굽은다리(강동구민회관앞),월,1.082735637944154
5,굽은다리(강동구민회관앞),일,0.6002277430242872
5,굽은다리(강동구민회관앞),토,0.8371746075699631
5,굽은다리(강동구민회관앞),화,1.1031338792189822
5,길동,금,1.1566956211380606
5,길동,목,1.1092507366872877
5,길동,수,1.1227085581250376
5,길동,월,1.0970518155421332
5,길동,일,0.561945709026201
5,길동,토,0.8358295992176077
5,길동,화,1.1165179602636726
5,김포공항,금,1.1193109596943582
5,김포공항,목,1.0010645720999003
5,김포공항,수,0.9821381716900368
5,김포공항,월,0.9647423076411202
5,김포공항,일,0.9392190712432826
5,김포공항,토,1.02397022449011
5,김포공항,화,0.969554693141192
5,까치산,금,1.1396755033607515
5,까치산,목,1.1209044401605557
5,까치산,수,1.1294505721421015
5,까치산,월,1.095459208274956
5,까치산,일,0.5788022728367291
5,까치산,토,0.8141519085407525
5,까치산,화,1.1215560946841534
5,답십리,금,1.1679569501735922
5,답십리,목,1.1524427708416605
5,답십리,수,1.1664117896831108
5,답십리,월,1.122759939085338
5,답십리,일,0.5137095668550238
5,답십리,토,0.7262431064648497
5,답십리,화,1.1504758768964258
5,동대문역사문화공원(DDP),금,1.2041847489216342
5,동대문역사문화공원(DDP),목,1.2432283211453656
5,동대문역사문화공원(DDP),수,1.2527021937993608
5,동대문역사문화공원(DDP),월,1.2423972863950612
5,동대문역사문화공원(DDP),일,0.3354954839368033
5,동대문역사문화공원(DDP),토,0.4683150243247532
5,동대문역사문화공원(DDP),화,1.2536769414770217
5,둔촌동,금,1.1540299838266297
5,둔촌동,목,1.1215171390122467
5,둔촌동,수,1.126962114151883
5,둔촌동,월,1.0895928144190672
5,둔촌동,일,0.5783879461555544
5,둔촌동,토,0.8057502270734065
5,둔촌동,화,1.123759775361212
5,마곡,금,1.1899712946417305
5,마곡,목,1.205401166319787
5,마곡,수,1.2157722093284833
5,마곡,월,1.1807030975513346
5,마곡,일,0.3861489050462183
5,마곡,토,0.6104678449338039
5,마곡,화,1.2115354821786422
5,마장,금,1.1506691936110929
5,마장,목,1.148122302327628
5,마장,수,1.1476622119172015
5,마장,월,1.1005641292853707
5,마장,일,0.5433653539507616
5,마장,토,0.7685392522929015
5,마장,화,1.1410775566150426
5,마천,금,1.1540749758764652
5,마천,목,1.1419812518272712
5,마천,수,1.1543562603743744
5,마천,월,1.118589277611958
5,마천,일,0.538254746085335
5,마천,토,0.7449444096261255
5,마천,화,1.1477990785984709
5,마포,금,1.1908737341984108
5,마포,목,1.198094804837961
5,마포,수,1.2133153970860382
5,마포,월,1.1625849749526078
5,마포,일,0.3870426510762541
5,마포,토,0.6464528687415008
5,마포,화,1.201635569107227
5,명일,금,1.148403245979863
5,명일,목,1.1172071117636513
5,명일,수,1.1428142278330076
5,명일,월,1.0903189811118017
5,명일,일,0.5872475246828045
5,명일,토,0.7920448584714435
5,명일,화,1.1219640501574284
5,목동,금,1.1697885950107472
5,목동,목,1.1493653069235668
5,목동,수,1.1583053515933786
5,목동,월,1.11134267523903
5,목동,일,0.501760417475342
5,목동,토,0.7598788535526229
5,목동,화,1.149558800205312
5,미사,금,1.1379898840782658
5,미사,목,1.121837662508762
5,미사,수,1.1366398695308548
5,미사,월,1.0786891840445918
5,미사,일,0.5806651191505052
5,미사,토,0.836047339457661
5,미사,화,1.1081309412293592
5,발산,금,1.134358974289142
5,발산,목,1.1573640439344497
5,발산,수,1.1780407525124132
5,발산,월,1.125584691947373
5,발산,일,0.4851824471640972
5,발산,토,0.7552489744935913
5,발산,화,1.1642201156589336
5,방이,금,1.1361845973101783
5,방이,목,1.1261793588951217
5,방이,수,1.1300001050850774
5,방이,월,1.0783630948161846
5,방이,일,0.5817372628670494
5,방이,토,0.8279372132586056
5,방이,화,1.1195983677677837
5,방화,금,1.1466634203610504
5,방화,목,1.1275519401367364
5,방화,수,1.142100177042863
5,방화,월,1.101227164068424
5,방화,일,0.5722082551040407
5,방화,토,0.7787364782050741
5,방화,화,1.1315125650818112
5,상일동,금,1.172669267704393
5,상일동,목,1.1568565690260793
5,상일동,수,1.1742922648166811
5,상일동,월,1.1387895110240218
5,상일동,일,0.4824084901258175
5,상일동,토,0.7133782730306726
5,상일동,화,1.1616056242723345
5,서대문,금,1.2085690012775108
5,서대문,목,1.2512039201174858
5,서대문,수,1.2639840018819375
5,서대문,월,1.2192041814295238
5,서대문,일,0.3113374934911877
5,서대문,토,0.4829730825169049
5,서대문,화,1.2627283192854484
5,송정,금,1.139907229408288
5,송정,목,1.104073167946643
5,송정,수,1.1121199903012111
5,송정,월,1.092864797766006
5,송정,일,0.5971731084970693
5,송정,토,0.8438785690151988
5,송정,화,1.1099831370655842
5,신금호,금,1.1723542923635528
5,신금호,목,1.1570213753871277
5,신금호,수,1.1658102314269785
5,신금호,월,1.116158428684677
5,신금호,일,0.5004549082329597
5,신금호,토,0.730596967025389
5,신금호,화,1.1576037968793162
5,신길,금,1.1697622390270848
5,신길,목,1.1525949233654615
5,신길,수,1.1528189249037073
5,신길,월,1.1204353681389536
5,신길,일,0.50672957364937
5,신길,토,0.7513057349806299
5,신길,화,1.1463532359347932
5,신정(은행정),금,1.1622841166449935
5,신정(은행정),목,1.1508802516175796
5,신정(은행정),수,1.1644447513773966
5,신정(은행정),월,1.128233799348137
5,신정(은행정),일,0.502398985204157
5,신정(은행정),토,0.7409755289460772
5,신정(은행정),화,1.150782566861658
5,아차산(어린이대공원후문),금,1.1096655637208872
5,아차산(어린이대공원후문),목,1.077560912133274
5,아차산(어린이대공원후문),수,1.0783835283383556
5,아차산(어린이대공원후문),월,1.017776925625364
5,아차산(어린이대공원후문),일,0.7168697267893618
5,아차산(어린이대공원후문),토,0.9309313371629002
5,아차산(어린이대공원후문),화,1.0688120062298574
5,애오개,금,1.1926914236853836
5,애오개,목,1.1888480480957409
5,애오개,수,1.205418339936717
5,애오개,월,1.1444895523410767
5,애오개,일,0.4316018122544944
5,애오개,토,0.6423857379765704
5,애오개,화,1.1945650857100163
5,양평,금,1.1984006671622205
5,양평,목,1.1981936558188964
5,양평,수,1.2153174920900862
5,양평,월,1.1808887728037043
5,양평,일,0.406394835839708
5,양평,토,0.5970417152981847
5,양평,화,1.2037628609872004
5,여의나루,금,1.116578613123279
5,여의나루,목,0.9527289339892848
5,여의나루,수,0.9715776948160556
5,여의나루,월,0.9094731656957435
5,여의나루,일,0.8989106115254243
5,여의나루,토,1.19258985967442
5,여의나루,화,0.9581411211757928
5,여의도,금,1.202696043057086
5,여의도,목,1.2195270546229002
5,여의도,수,1.2415141269346754
5,여의도,월,1.193623279672292
5,여의도,일,0.3515762173855538
5,여의도,토,0.5540053177659401
5,여의도,화,1.2370579605615524
5,영등포구청,금,1.1929453768383325
5,영등포구청,목,1.1968777098343588
5,영등포구청,수,1.202684325407708
5,영등포구청,월,1.1796630672892552
5,영등포구청,일,0.413859160395558
5,영등포구청,토,0.6120739058309268
5,영등포구청,화,1.2018964544038615
5,영등포시장,금,1.1467538248223497
5,영등포시장,목,1.1034469878981454
5,영등포시장,수,1.1154722393743612
5,영등포시장,월,1.0579950654054122
5,영등포시장,일,0.572779166464733
5,영등포시장,토,0.9058723026590256
5,영등포시장,화,1.0976804133759732
5,오금,금,1.1766474890004537
5,오금,목,1.174076156880934
5,오금,수,1.1848434216394474
5,오금,월,1.1607116549771723
5,오금,일,0.4496665678315162
5,오금,토,0.6695867061395246
5,오금,화,1.1844680035309518
5,오목교(목동운동장앞),금,1.15525097930301
5,오목교(목동운동장앞),목,1.1172825395156414
5,오목교(목동운동장앞),수,1.1356030537745696
5,오목교(목동운동장앞),월,1.0751535156239729
5,오목교(목동운동장앞),일,0.5553040137756974
5,오목교(목동운동장앞),토,0.8410564327890566
5,오목교(목동운동장앞),화,1.1203494652180526
5,올림픽공원(한국체대),금,1.1609119942612491
5,올림픽공원(한국체대),목,1.0599890128393838
5,올림픽공원(한국체대),수,1.0763712328850958
5,올림픽공원(한국체대),월,1.0223739714496105
5,올림픽공원(한국체대),일,0.666665966848844
5,올림픽공원(한국체대),토,0.945551896603006
5,올림픽공원(한국체대),화,1.068135925112811
5,왕십리(성동구청),금,1.1421213729971555
5,왕십리(성동구청),목,1.119735185026594
5,왕십리(성동구청),수,1.129494083118658
5,왕십리(성동구청),월,1.0721784953898752
5,왕십리(성동구청),일,0.5895349782831636
5,왕십리(성동구청),토,0.8444549575118101
5,왕십리(성동구청),화,1.1024809276727443
5,우장산,금,1.1596319654997012
5,우장산,목,1.142181957217986
5,우장산,수,1.1585896553982549
5,우장산,월,1.1211955118456416
5,우장산,일,0.5096075771328848
5,우장산,토,0.7612758228504318
5,우장산,화,1.1475175100550996
5,을지로4가,금,1.1992589534958134
5,을지로4가,목,1.206132641513054
5,을지로4가,수,1.211337864452989
5,을지로4가,월,1.1669966277021164
5,을지로4가,일,0.3411959132483479
5,을지로4가,토,0.6709757453492424
5,을지로4가,화,1.2041022542384363
5,장한평,금,1.1813004134202518
5,장한평,목,1.1754019811734644
5,장한평,수,1.189451841065344
5,장한평,월,1.1238809495805413
5,장한평,일,0.4754937281066594
5,장한평,토,0.7014096566775772
5,장한평,화,1.1530614299761612
5,종로3가,금,1.1319340546057568
5,종로3가,목,1.0359731980946825
5,종로3가,수,1.0437979926392076
5,종로3가,월,0.9552757446110756
5,종로3가,일,0.7486665398948237
5,종로3가,토,1.0812434445046606
5,종로3가,화,1.0031090256497923
5,천호(풍납토성),금,1.132623450737135
5,천호(풍납토성),목,1.051500734624954
5,천호(풍납토성),수,1.062467302364181
5,천호(풍납토성),월,0.995474160533928
5,천호(풍납토성),일,0.7097634700901961
5,천호(풍납토성),토,0.996923172693132
5,천호(풍납토성),화,1.051247708956475
5,청구,금,1.1631557355488158
5,청구,목,1.155119502366582
5,청구,수,1.167744067731185
5,청구,월,1.1272790906151662
5,청구,일,0.505712160358902
5,청구,토,0.7203795558258363
5,청구,화,1.1606098875535118
5,충정로(경기대입구),금,1.1948047616134412
5,충정로(경기대입구),목,1.233925291715626
5,충정로(경기대입구),수,1.2535489811996612
5,충정로(경기대입구),월,1.2046354183373682
5,충정로(경기대입구),일,0.357608208542873
5,충정로(경기대입구),토,0.511951426986423
5,충정로(경기대입구),화,1.2435259116046071
5,하남검단산,금,1.0906011452057065
5,하남검단산,목,1.0459575702784996
5,하남검단산,수,1.0525478934012362
5,하남검단산,월,1.0099704780632368
5,하남검단산,일,0.7878606236643385
5,하남검단산,토,0.9730800427380388
5,하남검단산,화,1.0399822466489446
5,하남시청(덕풍·신장),금,1.1247983882791943
5,하남시청(덕풍·신장),목,1.0930303403770665
5,하남시청(덕풍·신장),수,1.1049155303402771
5,하남시청(덕풍·신장),월,1.0688167757742146
5,하남시청(덕풍·신장),일,0.6215970745708923
5,하남시청(덕풍·신장),토,0.89250108463688
5,하남시청(덕풍·신장),화,1.094340806021474
5,하남풍산,금,1.1589247632880142
5,하남풍산,목,1.1432291228276146
5,하남풍산,수,1.1358220903350218
5,하남풍산,월,1.1108105797781096
5,하남풍산,일,0.5602568738589683
5,하남풍산,토,0.7475004452758682
5,하남풍산,화,1.1434561246364028
5,행당,금,1.1536560959017397
5,행당,목,1.1437294571800996
5,행당,수,1.1608492459588802
5,행당,월,1.108647941413314
5,행당,일,0.5293651952735655
5,행당,토,0.7566143202528838
5,행당,화,1.1471377440195172
5,화곡,금,1.1549237637625291
5,화곡,목,1.1281170051960778
5,화곡,수,1.1415005175377475
5,화곡,월,1.1073106798224537
5,화곡,일,0.5397260228611439
5,화곡,토,0.7974131837285153
5,화곡,화,1.1310088270915326
6,고려대(종암),금,1.139190312315671
6,고려대(종암),목,1.1758178471242329
6,고려대(종암),수,1.1601628528567445
6,고려대(종암),월,1.109083598574254
6,고려대(종암),일,0.5213718051489681
6,고려대(종암),토,0.7447321949351992
6,고려대(종암),화,1.1496413890449302
6,공덕,금,1.19729026135447
6,공덕,목,1.187257448639768
6,공덕,수,1.1996875074959388
6,공덕,월,1.1510646524160997
6,공덕,일,0.4185899984697052
6,공덕,토,0.6540011297460648
6,공덕,화,1.1921090018779532
6,광흥창(서강),금,1.1697365655553047
6,광흥창(서강),목,1.1748301141692974
6,광흥창(서강),수,1.1864706950669313
6,광흥창(서강),월,1.1331745081421658
6,광흥창(서강),일,0.4907761476754145
6,광흥창(서강),토,0.6713696284323784
6,광흥창(서강),화,1.1736423409585086
6,구산,금,1.1531955214056888
6,구산,목,1.1355300133177215
6,구산,수,1.1385216006220438
6,구산,월,1.103715451328815
6,구산,일,0.5422627683975458
6,구산,토,0.7920036126105364
6,구산,화,1.134771032317648
6,녹사평(용산구청),금,1.1190643348350455
6,녹사평(용산구청),목,1.014239084919802
6,녹사평(용산구청),수,1.0178403191858434
6,녹사평(용산구청),월,0.9245142073129392
6,녹사평(용산구청),일,0.7846662953037095
6,녹사평(용산구청),토,1.151031374199288
6,녹사평(용산구청),화,0.9886443842433728
6,대흥(서강대앞),금,1.1668022890833594
6,대흥(서강대앞),목,1.161542114829295
6,대흥(서강대앞),수,1.162978080186163
6,대흥(서강대앞),월,1.103668340551863
6,대흥(서강대앞),일,0.494349655264485
6,대흥(서강대앞),토,0.7540878216153238
6,대흥(서강대앞),화,1.15657169846951
6,독바위,금,1.1335749551551193
6,독바위,목,1.118668199125625
6,독바위,수,1.1238669306833513
6,독바위,월,1.0942991611582644
6,독바위,일,0.594174161580947
6,독바위,토,0.809972203392047
6,독바위,화,1.1254443889046466
6,돌곶이,금,1.1453932160180995
6,돌곶이,목,1.1382174626421857
6,돌곶이,수,1.1450276092386185
6,돌곶이,월,1.1170466224944695
6,돌곶이,일,0.6001804217661462
6,돌곶이,토,0.7330316683327478
6,돌곶이,화,1.121102999507732
6,동묘앞,금,1.0869964502790426
6,동묘앞,목,1.0408386593109349
6,동묘앞,수,1.0404155608564805
6,동묘앞,월,1.0145843341197212
6,동묘앞,일,0.7638620448385381
6,동묘앞,토,1.014996626696815
6,동묘앞,화,1.0383063238984678
6,디지털미디어시티,금,1.1660972205593243
6,디지털미디어시티,목,1.200106314442669
6,디지털미디어시티,수,1.2134169010036706
6,디지털미디어시티,월,1.1636521864535798
6,디지털미디어시티,일,0.4293542078126999
6,디지털미디어시티,토,0.6201923866223513
6,디지털미디어시티,화,1.2071807831057049
6,마포구청,금,1.1519989635603898
6,마포구청,목,1.1513547390598051
6,마포구청,수,1.152006742207468
6,마포구청,월,1.1089766531980645
6,마포구청,일,0.5320814725738796
6,마포구청,토,0.7545722355164753
6,마포구청,화,1.1490091938839182
6,망원,금,1.129340875914313
6,망원,목,1.0693282393590566
6,망원,수,1.0660392686919322
6,망원,월,0.997274571618972
6,망원,일,0.7035182888098069
6,망원,토,0.9930513618489052
6,망원,화,1.0414473937570132
6,버티고개,금,1.1466147280830188
6,버티고개,목,1.1379742098571235
6,버티고개,수,1.1454377898885126
6,버티고개,월,1.1080377944413784
6,버티고개,일,0.5364598471130267
6,버티고개,토,0.7832539974240614
6,버티고개,화,1.142221633192878
6,보문,금,1.1686472278824034
6,보문,목,1.1361239597969646
6,보문,수,1.1391414371084847
6,보문,월,1.0882396863445531
6,보문,일,0.5694643613579097
6,보문,토,0.773896837740722
6,보문,화,1.124486489768962
6,봉화산(서울의료원),금,1.1598524165905288
6,봉화산(서울의료원),목,1.168530567054039
6,봉화산(서울의료원),수,1.175662911813949
6,봉화산(서울의료원),월,1.141650049999739
6,봉화산(서울의료원),일,0.4918075544113413
6,봉화산(서울의료원),토,0.6912829422446242
6,봉화산(서울의료원),화,1.1712135578857783
6,불광,금,1.104724400059871
6,불광,목,1.0665802174418106
6,불광,수,1.109385462867437
6,불광,월,1.0177464418936102
6,불광,일,0.7115009628660297
6,불광,토,0.9349061584712066
6,불광,화,1.055156356400035
6,삼각지,금,1.138206715655119
6,삼각지,목,1.0973893838891022
6,삼각지,수,1.10586979244785
6,삼각지,월,0.958413641739182
6,삼각지,일,0.6129836039541348
6,삼각지,토,0.9945428406774584
6,삼각지,화,1.0925940216371546
6,상수,금,1.1439925010991718
6,상수,목,1.0541133974699972
6,상수,수,1.044498386151172
6,상수,월,0.9639609202444498
6,상수,일,0.7364074652434952
6,상수,토,1.0251582384676052
6,상수,화,1.0318690913241086
6,상월곡(한국과학기술연구원),금,1.129045432275925
6,상월곡(한국과학기술연구원),목,1.195521446755034
6,상월곡(한국과학기술연구원),수,1.1540633040137176
6,상월곡(한국과학기술연구원),월,1.1122261831064488
6,상월곡(한국과학기술연구원),일,0.5428406622470039
6,상월곡(한국과학기술연구원),토,0.727795675471682
6,상월곡(한국과학기술연구원),화,1.1385072961301892
6,새절(신사),금,1.1457909043841772
6,새절(신사),목,1.1416377248930292
6,새절(신사),수,1.146229047269436
6,새절(신사),월,1.1128054299367032
6,새절(신사),일,0.5436594979934359
6,새절(신사),토,0.7649552523859737
6,새절(신사),화,1.1449221431372452
6,석계,금,1.1396148181795822
6,석계,목,1.1309346318741045
6,석계,수,1.1478464609633845
6,석계,월,1.1009445626481138
6,석계,일,0.5587250525001628
6,석계,토,0.7846929886010052
6,석계,화,1.137241485233646
6,신내,금,1.16
6,신내,목,1.17
6,신내,수,1.18
6,신내,월,1.14
6,신내,일,0.49
6,신내,토,0.69
6,신내,화,1.17
6,신당,목,1.123220978230829
6,신당,수,1.1724760881749117
6,신당,월,1.032239660628919
6,신당,일,0.5798211703830143
6,신당,토,0.8207886389815262
6,신당,화,1.1140750373243733
6,안암(고대병원앞),금,1.1255744835962185
6,안암(고대병원앞),목,1.2125096548129428
6,안암(고대병원앞),수,1.2073165843669151
6,안암(고대병원앞),월,1.1473077351712055
6,안암(고대병원앞),일,0.446953567643567
6,안암(고대병원앞),토,0.6626801744408177
6,안암(고대병원앞),화,1.1976577999683329
6,약수,금,1.1627024184594683
6,약수,목,1.1362417171504915
6,약수,수,1.1461586534149193
6,약수,월,1.1158984211190983
6,약수,일,0.5185416795030212
6,약수,토,0.785293024197896
6,약수,화,1.135164086155105
6,역촌,금,1.1394582196119225
6,역촌,목,1.1280795449162486
6,역촌,수,1.1408568411558948
6,역촌,월,1.1059326024737492
6,역촌,일,0.5739262582144432
6,역촌,토,0.7855304872867782
6,역촌,화,1.126216046340964
6,연신내,금,1.13
6,연신내,목,1.1
6,연신내,수,1.11
6,연신내,월,1.07
6,연신내,일,0.62
6,연신내,토,0.88
6,연신내,화,1.1
6,월곡(동덕여대),금,1.1522037476465563
6,월곡(동덕여대),목,1.1534253837361217
6,월곡(동덕여대),수,1.181013257408124
6,월곡(동덕여대),월,1.142953693573246
6,월곡(동덕여대),일,0.497798031345568
6,월곡(동덕여대),토,0.7039763175685406
6,월곡(동덕여대),화,1.168629568721842
6,월드컵경기장(성산),금,0.9630453545140376
6,월드컵경기장(성산),목,1.081126964721515
6,월드컵경기장(성산),수,1.0336313736300564
6,월드컵경기장(성산),월,0.8315662337293883
6,월드컵경기장(성산),일,0.890635042636019
6,월드컵경기장(성산),토,1.163885652244767
6,월드컵경기장(성산),화,1.0361093785242157
6,응암,금,1.1428112957050691
6,응암,목,1.123680171716933
6,응암,수,1.1335248488819702
6,응암,월,1.0956838079724531
6,응암,일,0.5720888523580743
6,응암,토,0.8081279170211412
6,응암,화,1.124083106344359
6,이태원,금,1.095990085663236
6,이태원,목,0.9230308965995548
6,이태원,수,0.9095716169508202
6,이태원,월,0.8491064822931426
6,이태원,일,0.9968352776297036
6,이태원,토,1.3447526389288371
6,이태원,화,0.8807130019347057
6,증산(명지대앞),금,1.134517682621396
6,증산(명지대앞),목,1.1185927211731417
6,증산(명지대앞),수,1.130293429121615
6,증산(명지대앞),월,1.094133900699516
6,증산(명지대앞),일,0.5861748959858114
6,증산(명지대앞),토,0.8162115735246189
6,증산(명지대앞),화,1.1200757968739008
6,창신,금,1.153074732969429
6,창신,목,1.16385623851193
6,창신,수,1.189189134136286
6,창신,월,1.1387640580524476
6,창신,일,0.498231463520361
6,창신,토,0.6825190803140956
6,창신,화,1.1743652924954515
6,청구,금,1.169316330030222
6,청구,목,1.1555838630673303
6,청구,수,1.165700124522847
6,청구,월,1.1070302122950064
6,청구,일,0.5167673107033962
6,청구,토,0.7405248969039356
6,청구,화,1.145077262477262
6,태릉입구,금,1.1349501798242547
6,태릉입구,목,1.120422332521597
6,태릉입구,수,1.115139362364962
6,태릉입구,월,1.071399808241175
6,태릉입구,일,0.6084150557624659
6,태릉입구,토,0.8453100037790006
6,태릉입구,화,1.1043632575065454
6,한강진,금,1.136995462790266
6,한강진,목,1.027835668237926
6,한강진,수,1.0705550704077815
6,한강진,월,0.8483755461315928
6,한강진,일,0.799015425254044
6,한강진,토,1.1191603875561973
6,한강진,화,0.9980624396221934
6,합정,금,1.129694508383621
6,합정,목,1.0585144509200752
6,합정,수,1.0521349586603914
6,합정,월,0.9776648887912815
6,합정,일,0.7251624473697952
6,합정,토,1.0281897477879864
6,합정,화,1.02863899808685
6,화랑대(서울여대입구),금,1.1592890357617334
6,화랑대(서울여대입구),목,1.1800789646043943
6,화랑대(서울여대입구),수,1.1902936744168024
6,화랑대(서울여대입구),월,1.138644574049931
6,화랑대(서울여대입구),일,0.4650948240457676
6,화랑대(서울여대입구),토,0.6841645515254043
6,화랑대(서울여대입구),화,1.1824343755959668
6,효창공원앞,금,1.1559909592171422
6,효창공원앞,목,1.1440256015624586
6,효창공원앞,수,1.1575693688741266
6,효창공원앞,월,1.112337363497786
6,효창공원앞,일,0.5188865035910853
6,효창공원앞,토,0.7581390994019779
6,효창공원앞,화,1.1530511038554232
7,가산디지털단지,금,1.2379401897893578
7,가산디지털단지,목,1.259299118654428
7,가산디지털단지,수,1.2767371949722846
7,가산디지털단지,월,1.266486683831697
7,가산디지털단지,일,0.2828347199206821
7,가산디지털단지,토,0.3988829226051442
7,가산디지털단지,화,1.277819170226406
7,강남구청,금,1.1884805115118322
7,강남구청,목,1.196595586660242
7,강남구청,수,1.2094783387451733
7,강남구청,월,1.1351801170285365
7,강남구청,일,0.3704004812459734
7,강남구청,토,0.6987081060043728
7,강남구청,화,1.2011568588038697
7,건대입구,금,1.1109974308812298
7,건대입구,목,1.0919905684066953
7,건대입구,수,1.0945342805091225
7,건대입구,월,1.047006005464842
7,건대입구,일,0.6356920128372636
7,건대입구,토,0.937351374200016
7,건대입구,화,1.0824283277008304
7,고속터미널,금,1.1661821205994083
7,고속터미널,목,1.0097290059597763
7,고속터미널,수,0.98422059219317
7,고속터미널,월,1.023478918391851
7,고속터미널,일,0.837246832896002
7,고속터미널,토,0.9820779959493946
7,고속터미널,화,0.9970645340103984
7,공릉(서울과학기술대),금,1.1567236419454978
7,공릉(서울과학기술대),목,1.126288933724259
7,공릉(서울과학기술대),수,1.1277541087167895
7,공릉(서울과학기술대),월,1.099541297218228
7,공릉(서울과학기술대),일,0.5560638387103917
7,공릉(서울과학기술대),토,0.8091173832457046
7,공릉(서울과학기술대),화,1.1245107964391297
7,광명사거리,금,1.1416573800601175
7,광명사거리,목,1.1055704807800757
7,광명사거리,수,1.112866533313773
7,광명사거리,월,1.0840149588249564
7,광명사거리,일,0.6099707429597647
7,광명사거리,토,0.8446938791820012
7,광명사거리,화,1.101226024879311
7,군자(능동),금,1.1528469673924342
7,군자(능동),목,1.1271322326176658
7,군자(능동),수,1.1343308506691705
7,군자(능동),월,1.0902105865107967
7,군자(능동),일,0.5606647003285975
7,군자(능동),토,0.8081430787920327
7,군자(능동),화,1.1266715836893029
7,남구로,금,1.1546873390832844
7,남구로,목,1.1726836881153029
7,남구로,수,1.1903400979809562
7,남구로,월,1.1942517497520193
7,남구로,일,0.4836857444481969
7,남구로,토,0.6054817857871224
7,남구로,화,1.1988695948331185
7,남성,금,1.1557617749039937
7,남성,목,1.1427763322819322
7,남성,수,1.1468731400654433
7,남성,월,1.1113714151495673
7,남성,일,0.5228460378189292
7,남성,토,0.7698575258099829
7,남성,화,1.1505137739701514
7,내방,금,1.1960696852082129
7,내방,목,1.19642059806372
7,내방,수,1.216279774733492
7,내방,월,1.1698274732809628
7,내방,일,0.3940888908791731
7,내방,토,0.6242510843266437
7,내방,화,1.203062493507796
7,노원,금,1.155609156116522
7,노원,목,1.0875313672788938
7,노원,수,1.1014471210069734
7,노원,월,1.07117126902948
7,노원,일,0.6005108935869053
7,노원,토,0.8853631029581553
7,노원,화,1.098367090023069
7,논현,금,1.2141005168043797
7,논현,목,1.1965449088529785
7,논현,수,1.2137777711624973
7,논현,월,1.1870987995452498
7,논현,일,0.3392230596151903
7,논현,토,0.6293078195937454
7,논현,화,1.219947124425959
7,대림(구로구청),금,1.0345980463757989
7,대림(구로구청),목,1.008291245680877
7,대림(구로구청),수,1.0230588708577344
7,대림(구로구청),월,1.034875031152268
7,대림(구로구청),일,0.9413783525537024
7,대림(구로구청),토,0.9276497911175468
7,대림(구로구청),화,1.0301486622620728
7,도봉산,금,1.118620034958023
7,도봉산,목,1.125900664864357
7,도봉산,수,1.1322406948864931
7,도봉산,월,1.107743462441642
7,도봉산,일,0.597407590036582
7,도봉산,토,0.7799090031610078
7,도봉산,화,1.1381785496518952
7,뚝섬유원지,금,1.107265561014316
7,뚝섬유원지,목,0.9952877925331356
7,뚝섬유원지,수,1.0050756330713733
7,뚝섬유원지,월,0.9405690859975556
7,뚝섬유원지,일,0.8424860225789038
7,뚝섬유원지,토,1.1168505365839505
7,뚝섬유원지,화,0.9924653682207654
7,마들,금,1.1577289738707968
7,마들,목,1.1490091062570975
7,마들,수,1.1519461958780075
7,마들,월,1.1117812925168231
7,마들,일,0.5111950522031301
7,마들,토,0.7815873925252518
7,마들,화,1.1367519867488929
7,먹골,금,1.143286951564579
7,먹골,목,1.115502783636685
7,먹골,수,1.1216217274765263
7,먹골,월,1.086439594588871
7,먹골,일,0.5730059075049413
7,먹골,토,0.8443344042068345
7,먹골,화,1.1158086310215631
7,면목,금,1.1452748617405286
7,면목,목,1.1336165921796144
7,면목,수,1.137272741999746
7,면목,월,1.11450696552005
7,면목,일,0.5433995591304553
7,면목,토,0.7840641093117312
7,면목,화,1.1418651701178746
7,반포,금,1.1735888777226724
7,반포,목,1.1286150704839106
7,반포,수,1.1386002264589206
7,반포,월,1.0795856000110104
7,반포,일,0.5213155099435711
7,반포,토,0.8402292130834519
7,반포,화,1.118065502296462
7,보라매,금,1.1602097504703304
7,보라매,목,1.1352785629017006
7,보라매,수,1.148623006673415
7,보라매,월,1.142259743594395
7,보라매,일,0.5026702860318512
7,보라매,토,0.7593603159710628
7,보라매,화,1.1515983343572451
7,사가정,금,1.138575412627581
7,사가정,목,1.1155439290827918
7,사가정,수,1.120182809735928
7,사가정,월,1.0909329194192778
7,사가정,일,0.5827073355596576
7,사가정,토,0.8324062400045275
7,사가정,화,1.1196513535702357
7,상도,금,1.159425204181807
7,상도,목,1.142709712963921
7,상도,수,1.1586651195876887
7,상도,월,1.1015912559247103
7,상도,일,0.5152209827232493
7,상도,토,0.7723891925651489
7,상도,화,1.149998532053475
7,상봉(시외버스터미널),금,1.1419979716413076
7,상봉(시외버스터미널),목,1.109288879641218
7,상봉(시외버스터미널),수,1.1084437477067297
7,상봉(시외버스터미널),월,1.0725597723695437
7,상봉(시외버스터미널),일,0.5956266604319053
7,상봉(시외버스터미널),토,0.872603216922091
7,상봉(시외버스터미널),화,1.0994797512872043
7,수락산,금,1.1121756484313972
7,수락산,목,1.0977397220786955
7,수락산,수,1.105851566375523
7,수락산,월,1.0640344854073815
7,수락산,일,0.6579674077422787
7,수락산,토,0.8673330494876836
7,수락산,화,1.09489812047704
7,숭실대입구(살피재),금,1.14353460153142
7,숭실대입구(살피재),목,1.164516201422824
7,숭실대입구(살피재),수,1.1820034614522448
7,숭실대입구(살피재),월,1.1372221549145998
7,숭실대입구(살피재),일,0.4649760755699342
7,숭실대입구(살피재),토,0.7244676949681571
7,숭실대입구(살피재),화,1.18327981014082
7,신대방삼거리,금,1.1541539563100314
7,신대방삼거리,목,1.135619314343746
7,신대방삼거리,수,1.1458058824612587
7,신대방삼거리,월,1.1177905065113358
7,신대방삼거리,일,0.5286642252558783
7,신대방삼거리,토,0.7776949658543556
7,신대방삼거리,화,1.1402711492633937
7,신풍,금,1.137847374799069
7,신풍,목,1.1263987006890352
7,신풍,수,1.1410427305251667
7,신풍,월,1.1107505991880542
7,신풍,일,0.570349753883828
7,신풍,토,0.7802562165965324
7,신풍,화,1.1333546243183144
7,어린이대공원(세종대),금,1.1218758315802877
7,어린이대공원(세종대),목,1.1385324600862503
7,어린이대공원(세종대),수,1.137327086815221
7,어린이대공원(세종대),월,1.07730265336245
7,어린이대공원(세종대),일,0.58347389136155
7,어린이대공원(세종대),토,0.8128301774665995
7,어린이대공원(세종대),화,1.1286578993276415
7,온수(성공회대입구),금,1.1805848174079907
7,온수(성공회대입구),목,1.1868978125231782
7,온수(성공회대입구),수,1.206917195512525
7,온수(성공회대입구),월,1.1800018604457252
7,온수(성공회대입구),일,0.4271595006389859
7,온수(성공회대입구),토,0.6148928813327507
7,온수(성공회대입구),화,1.2035459321388446
7,용마산(용마폭포공원),금,1.1356002376680825
7,용마산(용마폭포공원),목,1.1265334211684046
7,용마산(용마폭포공원),수,1.1357108709657484
7,용마산(용마폭포공원),월,1.0961237479776245
7,용마산(용마폭포공원),일,0.5740906267426793
7,용마산(용마폭포공원),토,0.8116618365692423
7,용마산(용마폭포공원),화,1.120279258908218
7,이수,금,1.1670261874855987
7,이수,목,1.1158887020446178
7,이수,수,1.1301842040101258
7,이수,월,1.0652521265002886
7,이수,일,0.5570736000638734
7,이수,토,0.8537334557924067
7,이수,화,1.110841724103089
7,장승배기,금,1.1518671493457084
7,장승배기,목,1.1216006750745724
7,장승배기,수,1.1388792114765889
7,장승배기,월,1.1149780992057448
7,장승배기,일,0.5405866476134215
7,장승배기,토,0.7976758547911873
7,장승배기,화,1.134412362492776
7,장암,금,1.1088613315933895
7,장암,목,1.120377026597169
7,장암,수,1.1276810539461857
7,장암,월,1.109014241642468
7,장암,일,0.6164255610654676
7,장암,토,0.7861423205516813
7,장암,화,1.1314984646036388
7,중계,금,1.156546214250101
7,중계,목,1.1598196276376576
7,중계,수,1.1658054310773605
7,중계,월,1.1302862621207856
7,중계,일,0.5033883331887873
7,중계,토,0.7261131279420742
7,중계,화,1.158041003783233
7,중곡,금,1.1635228259462291
7,중곡,목,1.151146482185824
7,중곡,수,1.165702653478106
7,중곡,월,1.1242996218868748
7,중곡,일,0.522036748953465
7,중곡,토,0.7202057958632669
7,중곡,화,1.1530858716862349
7,중화,금,1.1487576237311747
7,중화,목,1.1263199638853283
7,중화,수,1.1386728883135393
7,중화,월,1.105019609590884
7,중화,일,0.5602553450782121
7,중화,토,0.7912340567286352
7,중화,화,1.1297405126722255
7,천왕,금,1.1741901388545126
7,천왕,목,1.1649980167219498
7,천왕,수,1.1807270767314932
7,천왕,월,1.143448661818422
7,천왕,일,0.4746969703988602
7,천왕,토,0.689701515747335
7,천왕,화,1.172237619727429
7,철산,금,1.165951415245175
7,철산,목,1.127373796840676
7,철산,수,1.1378986433020226
7,철산,월,1.1016341822404718
7,철산,일,0.5345127037000443
7,철산,토,0.8027594988295447
7,철산,화,1.1298697598420664
7,청담,금,1.1813633275570017
7,청담,목,1.1946097775323243
7,청담,수,1.2076790827817043
7,청담,월,1.164525569096568
7,청담,일,0.3776703609689505
7,청담,토,0.6668751065301571
7,청담,화,1.2072767755332945
7,태릉입구,금,1.1288863646785523
7,태릉입구,목,1.121254230000701
7,태릉입구,수,1.1235635551385454
7,태릉입구,월,1.069166183186105
7,태릉입구,일,0.5988044908911021
7,태릉입구,토,0.8418806424616169
7,태릉입구,화,1.116444533643378
7,하계,금,1.1404181890826577
7,하계,목,1.134608757232603
7,하계,수,1.1702589828227723
7,하계,월,1.1001439083312794
7,하계,일,0.5483546797281165
7,하계,토,0.775563345220372
7,하계,화,1.1306521375821996
7,학동,금,1.2002374303603054
7,학동,목,1.2388852017919103
7,학동,수,1.260171713416779
7,학동,월,1.2180001588095737
7,학동,일,0.2960269395162436
7,학동,토,0.5343459409338494
7,학동,화,1.2523326151713383
8,가락시장,금,1.1794481843840323
8,가락시장,목,1.148985808664906
8,가락시장,수,1.1556661175435496
8,가락시장,월,1.105328520048172
8,가락시장,일,0.4646655654586728
8,가락시장,토,0.8058820794920083
8,가락시장,화,1.140023724408658
8,강동구청,금,1.1815562906572623
8,강동구청,목,1.169784135341058
8,강동구청,수,1.1820320701609126
8,강동구청,월,1.148692657759231
8,강동구청,일,0.4736351635225072
8,강동구청,토,0.6752443577187887
8,강동구청,화,1.1690553248402398
8,남위례,금,1.166513363706349
8,남위례,목,1.1518949155482563
8,남위례,수,1.166356483845394
8,남위례,월,1.0917529986192087
8,남위례,일,0.5078398907055817
8,남위례,토,0.7667632700185399
8,남위례,화,1.1488790775566695
8,남한산성입구(성남법원.검찰청),금,1.1556340737468256
8,남한산성입구(성남법원.검찰청),목,1.1492013739052376
8,남한산성입구(성남법원.검찰청),수,1.164057652267395
8,남한산성입구(성남법원.검찰청),월,1.1255493604281583
8,남한산성입구(성남법원.검찰청),일,0.5113188777988408
8,남한산성입구(성남법원.검찰청),토,0.7275923855548158
8,남한산성입구(성남법원.검찰청),화,1.1666462762987262
8,단대오거리,금,1.1564575819368477
8,단대오거리,목,1.1275063233333258
8,단대오거리,수,1.14578542024127
8,단대오거리,월,1.105208294478128
8,단대오거리,일,0.5476291294171256
8,단대오거리,토,0.7886535474400403
8,단대오거리,화,1.128759703153263
8,모란,금,1.1151871769793311
8,모란,목,1.0830355260265532
8,모란,수,1.07653973130747
8,모란,월,1.073085420407623
8,모란,일,0.6544868509341616
8,모란,토,0.92585258013876
8,모란,화,1.0718127142061
8,몽촌토성(평화의문),금,1.1525821643894758
8,몽촌토성(평화의문),목,1.1064807530801373
8,몽촌토성(평화의문),수,1.1197381473220591
8,몽촌토성(평화의문),월,1.064439555252892
8,몽촌토성(평화의문),일,0.5983962078386292
8,몽촌토성(평화의문),토,0.8524123156972053
8,몽촌토성(평화의문),화,1.105950856419602
8,문정,금,1.2260976800246537
8,문정,목,1.2463735283752253
8,문정,수,1.2638684494294503
8,문정,월,1.235643263029423
8,문정,일,0.2919639277216728
8,문정,토,0.4829149156869608
8,문정,화,1.2531382357326135
8,복정,금,1.1680768120146998
8,복정,목,1.1505497057800496
8,복정,수,1.166094329501025
8,복정,월,1.0966883982546751
8,복정,일,0.5273643295550592
8,복정,토,0.7310243139627773
8,복정,화,1.160202110931713
8,산성,금,1.1262561683850938
8,산성,목,1.1058830695409132
8,산성,수,1.1239123947742458
8,산성,월,1.0754718819748792
8,산성,일,0.598133659726854
8,산성,토,0.8575057435816338
8,산성,화,1.1128370820163802
8,석촌,금,1.1491696793313857
8,석촌,목,1.1144374703790667
8,석촌,수,1.1216398046070344
8,석촌,월,1.0772042172338656
8,석촌,일,0.5756699104032151
8,석촌,토,0.8477726344503187
8,석촌,화,1.1141062835951137
8,송파,금,1.1565549667935788
8,송파,목,1.144342857487187
8,송파,수,1.156156737873676
8,송파,월,1.107473551075273
8,송파,일,0.5151801180672905
8,송파,토,0.7746893354898682
8,송파,화,1.1456024332131272
8,수진,금,1.1355409038236937
8,수진,목,1.1052482520723963
8,수진,수,1.108581629595817
8,수진,월,1.0865883415943514
8,수진,일,0.6008641551809967
8,수진,토,0.8694512866206451
8,수진,화,1.0937254311120992
8,신흥,금,1.1322705033687797
8,신흥,목,1.0838796103141983
8,신흥,수,1.0957779927011757
8,신흥,월,1.0644609752865857
8,신흥,일,0.6512773763120152
8,신흥,토,0.9030977273614984
8,신흥,화,1.0692358146557472
8,암사,금,1.1592479575082877
8,암사,목,1.1504926659622736
8,암사,수,1.1605306721741653
8,암사,월,1.1228335400695877
8,암사,일,0.5127606122339979
8,암사,토,0.7433990622993187
8,암사,화,1.1507354897523685
8,잠실(송파구청),금,1.1101025959071602
8,잠실(송파구청),목,1.0459013682579783
8,잠실(송파구청),수,1.052814096638197
8,잠실(송파구청),월,1.0013089910691568
8,잠실(송파구청),일,0.7577719168808116
8,잠실(송파구청),토,1.0034431518817672
8,잠실(송파구청),화,1.0286578793649284
8,장지,금,1.1545910850514574
8,장지,목,1.129857330727716
8,장지,수,1.1551381591543075
8,장지,월,1.080762237953423
8,장지,일,0.5612521204280161
8,장지,토,0.7913343892156341
8,장지,화,1.1270646774694455
8,천호(풍납토성),금,1.1409516884452309
8,천호(풍납토성),목,1.096988688441227
8,천호(풍납토성),수,1.103023329708159
8,천호(풍납토성),월,1.0559374476093593
8,천호(풍납토성),일,0.622513036306949
8,천호(풍납토성),토,0.8861809377946036
8,천호(풍납토성),화,1.094404871694471
7,부평구청,금,1.153877577146627
7,부평구청,목,1.1443141422809457
7,부평구청,수,1.1480803800931307
7,부평구청,월,1.1149944227927464
7,부평구청,일,0.5249738881199387
7,부평구청,토,0.7616143552740726
7,부평구청,화,1.1521452342925385
7,굴포천,금,1.1472885350326996
7,굴포천,목,1.1272632214037261
7,굴포천,수,1.1382497279038282
7,굴포천,월,1.1027328071962588
7,굴포천,일,0.545479044822741
7,굴포천,토,0.8067099521572488
7,굴포천,화,1.1322767114834973
7,까치울,금,1.1432210847977875
7,까치울,목,1.1280973298027734
7,까치울,수,1.1357940001255478
7,까치울,월,1.086579029819639
7,까치울,일,0.5720124262015122
7,까치울,토,0.803303233894701
7,까치울,화,1.1309928953580397
7,부천시청,금,1.1602170044866205
7,부천시청,목,1.1172333723187962
7,부천시청,수,1.1244565402357574
7,부천시청,월,1.0759318469538186
7,부천시청,일,0.5643516193150729
7,부천시청,토,0.8418942815903749
7,부천시청,화,1.11591533509956
7,부천종합운동장,금,1.1442559175982718
7,부천종합운동장,목,1.1224937497275203
7,부천종합운동장,수,1.1364507360220422
7,부천종합운동장,월,1.1208709818107487
7,부천종합운동장,일,0.56792291283272
7,부천종합운동장,토,0.7684572505933334
7,부천종합운동장,화,1.1395484514153644
7,산곡,금,1.1622916049089451
7,산곡,목,1.1529650686239477
7,산곡,수,1.1691171067697614
7,산곡,월,1.129721515444635
7,산곡,일,0.48585031713911947
7,산곡,토,0.7385311022638036
7,산곡,화,1.161523284849787
7,삼산체육관,금,1.167975489078831
7,삼산체육관,목,1.1252875131604003
7,삼산체육관,수,1.1431039998481594
7,삼산체육관,월,1.091881296569377
7,삼산체육관,일,0.5296747444742796
7,삼산체육관,토,0.7886612774779652
7,삼산체육관,화,1.1534156793909875
7,상동,금,1.1353426880351236
7,상동,목,1.1029929843641721
7,상동,수,1.1212413958099645
7,상동,월,1.0558474325914586
7,상동,일,0.5817706663931248
7,상동,토,0.8998795739480763
7,상동,화,1.1029252588580807
7,석남,금,1.1418979233020532
7,석남,목,1.1063036350197728
7,석남,수,1.1292228370526112
7,석남,월,1.0944587868483249
7,석남,일,0.593325379686283
7,석남,토,0.8217497547024191
7,석남,화,1.1130416833885362
7,신중동,금,1.1706504302891765
7,신중동,목,1.1396304070012206
7,신중동,수,1.1499888608702409
7,신중동,월,1.1042022640294364
7,신중동,일,0.5149269149135766
7,신중동,토,0.7774443600119266
7,신중동,화,1.1431567628844217
7,춘의,금,1.1963644518601173
7,춘의,목,1.1986715307355031
7,춘의,수,1.2157054309319506
7,춘의,월,1.1818966088624967
7,춘의,일,0.40506945294237223
7,춘의,토,0.5936098551179265
7,춘의,화,1.2086826695496335
