Year,Month,Day,ADMDONG_NM,ATDRC_NM,PSGR_CNT,Early_Morning,Rush_Hour_M,Day_Time,Rush_Hour_N,Late_Night
2023,8,18,신정2동,양천구,3605.0,250.0,983.0,1287.0,747.0,338.0
2023,8,17,신정2동,양천구,3484.0,253.0,1025.0,1151.0,709.0,346.0
2023,8,16,신정2동,양천구,3486.0,266.0,989.0,1224.0,669.0,338.0
2023,8,18,홍제2동,서대문구,6124.0,151.0,932.0,2261.0,1803.0,977.0
2023,8,17,홍제2동,서대문구,6028.0,174.0,946.0,2267.0,1746.0,895.0
2023,8,18,역촌동,은평구,15952.0,1323.0,3952.0,5445.0,3653.0,1579.0
2023,8,17,역촌동,은평구,15712.0,1320.0,4107.0,5303.0,3582.0,1400.0
2023,8,18,진관동,은평구,48567.0,3358.0,14694.0,17113.0,9933.0,3469.0
2023,8,17,진관동,은평구,47468.0,3422.0,15084.0,16390.0,9404.0,3168.0
2023,8,18,증산동,은평구,20021.0,1547.0,6622.0,5781.0,4426.0,1645.0
2023,8,17,증산동,은평구,20036.0,1547.0,6825.0,5791.0,4351.0,1522.0
2023,8,18,신사2동,은평구,20801.0,1895.0,8137.0,6773.0,3111.0,885.0
2023,8,17,신사2동,은평구,20418.0,1850.0,8363.0,6440.0,2958.0,807.0
2023,8,18,응암2동,은평구,7341.0,672.0,2641.0,2472.0,1224.0,332.0
2023,8,17,응암2동,은평구,7272.0,710.0,2685.0,2467.0,1114.0,296.0
2023,8,18,응암1동,은평구,19723.0,1255.0,4553.0,6662.0,5229.0,2024.0
2023,8,17,응암1동,은평구,18878.0,1238.0,4613.0,6200.0,4871.0,1956.0
2023,8,18,대조동,은평구,35976.0,2010.0,9856.0,12678.0,8380.0,3052.0
2023,8,17,대조동,은평구,35134.0,2132.0,10062.0,12389.0,8008.0,2543.0
2023,8,18,구산동,은평구,10941.0,1144.0,3496.0,3871.0,1842.0,588.0
2023,8,17,구산동,은평구,10824.0,1163.0,3570.0,3913.0,1637.0,541.0
2023,8,18,갈현1동,은평구,43792.0,3529.0,15384.0,14570.0,7529.0,2780.0
2023,8,17,갈현1동,은평구,42673.0,3557.0,16040.0,13975.0,6686.0,2415.0
2023,8,18,불광1동,은평구,22091.0,1292.0,4990.0,7471.0,5595.0,2743.0
2023,8,17,불광1동,은평구,21562.0,1267.0,5183.0,7236.0,5375.0,2501.0
2023,8,18,상계9동,노원구,4363.0,237.0,1206.0,1650.0,931.0,339.0
2023,8,17,상계9동,노원구,4176.0,264.0,1099.0,1747.0,804.0,262.0
2023,8,18,상계8동,노원구,17218.0,1751.0,7215.0,5444.0,2279.0,529.0
2023,8,17,상계8동,노원구,16887.0,1868.0,7487.0,5190.0,1913.0,429.0
2023,8,18,상계5동,노원구,26463.0,2610.0,9881.0,8079.0,4372.0,1521.0
2023,8,17,상계5동,노원구,25888.0,2707.0,10070.0,7826.0,3892.0,1393.0
2023,8,18,상계2동,노원구,55403.0,2841.0,11667.0,19304.0,14249.0,7342.0
2023,8,17,상계2동,노원구,53170.0,2998.0,11771.0,18445.0,13449.0,6507.0
2023,8,18,상계1동,노원구,21788.0,1728.0,6747.0,7525.0,4295.0,1493.0
2023,8,17,상계1동,노원구,21404.0,1755.0,7053.0,7359.0,3972.0,1265.0
2023,8,18,상계10동,노원구,7584.0,351.0,1472.0,2980.0,1889.0,892.0
2023,8,17,상계10동,노원구,7309.0,394.0,1516.0,2818.0,1707.0,874.0
2023,8,18,중계4동,노원구,7255.0,261.0,1168.0,2314.0,2419.0,1093.0
2023,8,17,중계4동,노원구,7156.0,244.0,1165.0,2327.0,2416.0,1004.0
2023,8,18,하계1동,노원구,12526.0,535.0,2229.0,5092.0,3240.0,1430.0
2023,8,17,하계1동,노원구,12315.0,536.0,2227.0,4973.0,3256.0,1323.0
2023,8,18,한남동,용산구,40175.0,1137.0,6674.0,13809.0,13445.0,5110.0
2023,8,17,한남동,용산구,39820.0,1198.0,7199.0,12925.0,13518.0,4980.0
2023,8,18,한강로동,용산구,104377.0,1968.0,13804.0,34143.0,38618.0,15844.0
2023,8,17,한강로동,용산구,99669.0,2016.0,14736.0,32568.0,36811.0,13538.0
2023,8,18,청파동,용산구,8093.0,326.0,2019.0,3120.0,1867.0,761.0
2023,8,17,청파동,용산구,7699.0,331.0,2010.0,2932.0,1723.0,703.0
2023,8,18,서빙고동,용산구,8688.0,457.0,1931.0,3358.0,2232.0,710.0
2023,8,17,서빙고동,용산구,8779.0,429.0,2018.0,3339.0,2304.0,689.0
2023,8,18,이태원2동,용산구,4442.0,179.0,945.0,1623.0,1149.0,546.0
2023,8,17,이태원2동,용산구,4361.0,189.0,942.0,1590.0,1145.0,495.0
2023,8,18,이태원1동,용산구,19132.0,697.0,2299.0,6225.0,5807.0,4104.0
2023,8,17,이태원1동,용산구,17780.0,578.0,2290.0,5734.0,5968.0,3210.0
2023,8,18,이촌1동,용산구,7148.0,231.0,1279.0,2865.0,1892.0,881.0
2023,8,17,이촌1동,용산구,6728.0,224.0,1362.0,2807.0,1658.0,677.0
2023,8,18,용문동,용산구,3734.0,210.0,907.0,1370.0,971.0,276.0
2023,8,17,용문동,용산구,3506.0,205.0,941.0,1300.0,805.0,255.0
2023,8,18,남영동,용산구,42489.0,1478.0,8452.0,13764.0,13121.0,5674.0
2023,8,17,남영동,용산구,41307.0,1540.0,8667.0,13193.0,12918.0,4989.0
2023,8,18,후암동,용산구,6741.0,305.0,1945.0,2590.0,1444.0,457.0
2023,8,17,후암동,용산구,6640.0,314.0,2028.0,2440.0,1415.0,443.0
2023,8,18,청구동,중구,2812.0,57.0,414.0,1014.0,882.0,445.0
2023,8,17,청구동,중구,2718.0,61.0,391.0,942.0,881.0,443.0
2023,8,18,약수동,중구,25323.0,1165.0,6267.0,8538.0,6849.0,2504.0
2023,8,17,약수동,중구,24774.0,1150.0,6461.0,8256.0,6636.0,2271.0
2023,8,18,다산동,중구,4021.0,307.0,1127.0,1412.0,802.0,373.0
2023,8,17,다산동,중구,3978.0,305.0,1171.0,1368.0,740.0,394.0
2023,8,18,신당동,중구,31337.0,1684.0,6233.0,10409.0,8868.0,4143.0
2023,8,17,신당동,중구,30064.0,1734.0,6425.0,10019.0,7817.0,4069.0
2023,8,18,황학동,중구,4387.0,249.0,1052.0,1708.0,955.0,423.0
2023,8,17,황학동,중구,4200.0,243.0,1076.0,1655.0,864.0,362.0
2023,8,18,신당5동,중구,6698.0,234.0,896.0,2431.0,2042.0,1095.0
2023,8,17,신당5동,중구,6642.0,230.0,926.0,2366.0,2075.0,1045.0
2023,8,18,을지로동,중구,69040.0,501.0,4220.0,21353.0,33499.0,9467.0
2023,8,17,을지로동,중구,67347.0,517.0,4041.0,20143.0,33727.0,8919.0
2023,8,18,천호2동,강동구,11749.0,419.0,2219.0,3740.0,3632.0,1739.0
2023,8,17,천호2동,강동구,11486.0,450.0,2201.0,3558.0,3544.0,1733.0
2023,8,18,암사1동,강동구,3680.0,122.0,1069.0,1438.0,805.0,246.0
2023,8,17,암사1동,강동구,3449.0,140.0,1079.0,1303.0,718.0,209.0
2023,8,18,성내3동,강동구,5164.0,270.0,1063.0,1710.0,1519.0,602.0
2023,8,17,성내3동,강동구,5039.0,286.0,1130.0,1743.0,1342.0,538.0
2023,8,18,성내2동,강동구,62905.0,3430.0,16164.0,20100.0,17550.0,5661.0
2023,8,17,성내2동,강동구,61124.0,3488.0,16642.0,19585.0,16415.0,4994.0
2023,8,18,천호3동,강동구,4892.0,393.0,990.0,1682.0,1230.0,597.0
2023,8,17,천호3동,강동구,4835.0,413.0,990.0,1600.0,1292.0,540.0
2023,8,18,천호1동,강동구,14904.0,1184.0,4977.0,4968.0,2769.0,1006.0
2023,8,17,천호1동,강동구,14440.0,1204.0,5009.0,4815.0,2565.0,847.0
2023,8,18,암사3동,강동구,3893.0,353.0,1336.0,1390.0,670.0,144.0
2023,8,17,암사3동,강동구,3779.0,366.0,1428.0,1274.0,585.0,126.0
2023,8,18,암사2동,강동구,21745.0,1901.0,9987.0,5979.0,3138.0,740.0
2023,8,17,암사2동,강동구,21513.0,2017.0,10225.0,5729.0,2870.0,672.0
2023,8,18,명일2동,강동구,16731.0,872.0,3998.0,6918.0,3568.0,1375.0
2023,8,17,명일2동,강동구,16428.0,935.0,4182.0,6668.0,3330.0,1313.0
2023,8,18,상일동,강동구,28392.0,2357.0,8944.0,8922.0,6243.0,1926.0
2023,8,17,상일동,강동구,27896.0,2484.0,9233.0,8255.0,6067.0,1857.0
2023,8,18,잠실3동,송파구,18952.0,783.0,3123.0,5682.0,6191.0,3173.0
2023,8,17,잠실3동,송파구,18919.0,728.0,3135.0,5477.0,6367.0,3212.0
2023,8,18,잠실2동,송파구,30490.0,1208.0,8942.0,9646.0,7088.0,3606.0
2023,8,17,잠실2동,송파구,28829.0,1284.0,9265.0,8933.0,6205.0,3142.0
2023,8,18,잠실7동,송파구,22390.0,599.0,4193.0,6698.0,8914.0,1986.0
2023,8,17,잠실7동,송파구,20683.0,627.0,4326.0,6162.0,5174.0,4394.0
2023,8,18,잠실4동,송파구,26102.0,1049.0,7093.0,9595.0,6867.0,1498.0
2023,8,17,잠실4동,송파구,26461.0,1054.0,7332.0,9547.0,6969.0,1559.0
2023,8,18,잠실본동,송파구,20111.0,877.0,5710.0,6408.0,4857.0,2259.0
2023,8,17,잠실본동,송파구,19565.0,919.0,5916.0,6031.0,4653.0,2046.0
2023,8,18,가락2동,송파구,22860.0,1355.0,6854.0,7676.0,5585.0,1390.0
2023,8,17,가락2동,송파구,22548.0,1424.0,6972.0,7413.0,5253.0,1486.0
2023,8,18,가락1동,송파구,36221.0,1807.0,9159.0,12392.0,9865.0,2998.0
2023,8,17,가락1동,송파구,35138.0,1901.0,9287.0,11997.0,9205.0,2748.0
2023,8,18,송파2동,송파구,2730.0,124.0,725.0,1022.0,605.0,254.0
2023,8,17,송파2동,송파구,2669.0,141.0,734.0,966.0,609.0,219.0
2023,8,18,송파1동,송파구,19971.0,1087.0,5575.0,6290.0,4679.0,2340.0
2023,8,17,송파1동,송파구,19451.0,1092.0,5816.0,5923.0,4402.0,2218.0
2023,8,18,오금동,송파구,23443.0,1438.0,7346.0,7649.0,5671.0,1339.0
2023,8,17,오금동,송파구,22991.0,1466.0,7502.0,7391.0,5291.0,1341.0
2023,8,18,방이2동,송파구,13829.0,674.0,3702.0,4059.0,3466.0,1928.0
2023,8,17,방이2동,송파구,13257.0,711.0,3849.0,3920.0,3141.0,1636.0
2023,8,18,방이1동,송파구,11625.0,573.0,2932.0,3613.0,3039.0,1468.0
2023,8,17,방이1동,송파구,11725.0,605.0,3079.0,3644.0,2948.0,1449.0
2023,8,18,마천2동,송파구,7122.0,625.0,2086.0,2619.0,1379.0,413.0
2023,8,17,마천2동,송파구,6787.0,616.0,2152.0,2422.0,1239.0,358.0
2023,8,18,거여2동,송파구,3548.0,184.0,693.0,1329.0,915.0,427.0
2023,8,17,거여2동,송파구,3510.0,185.0,720.0,1302.0,894.0,409.0
2023,8,18,풍납2동,송파구,8179.0,476.0,1879.0,3227.0,2061.0,536.0
2023,8,17,풍납2동,송파구,8207.0,501.0,1881.0,3102.0,2206.0,517.0
2023,8,18,대치2동,강남구,101174.0,1681.0,9140.0,32257.0,45174.0,12922.0
2023,8,17,대치2동,강남구,102009.0,1725.0,9303.0,30551.0,47027.0,13403.0
2023,8,18,청담동,강남구,22726.0,796.0,4893.0,7510.0,7099.0,2428.0
2023,8,17,청담동,강남구,22076.0,796.0,5086.0,6971.0,6974.0,2249.0
2023,8,18,장충동,중구,13027.0,284.0,1444.0,4159.0,5348.0,1792.0
2023,8,17,장충동,중구,13060.0,288.0,1396.0,4077.0,5518.0,1781.0
2023,8,18,필동,중구,36926.0,569.0,3011.0,11977.0,16502.0,4867.0
2023,8,17,필동,중구,36715.0,573.0,3006.0,11395.0,16825.0,4916.0
2023,8,18,명동,중구,110992.0,1184.0,8316.0,35656.0,50465.0,15371.0
2023,8,17,명동,중구,108619.0,1125.0,8031.0,33184.0,50205.0,16074.0
2023,8,18,혜화동,종로구,17865.0,775.0,3237.0,6224.0,4271.0,3358.0
2023,8,17,혜화동,종로구,17239.0,807.0,3190.0,5914.0,4211.0,3117.0
2023,8,18,청운효자동,종로구,8814.0,284.0,1449.0,4289.0,2429.0,363.0
2023,8,17,청운효자동,종로구,8834.0,292.0,1437.0,4333.0,2300.0,472.0
2023,8,18,창신3동,종로구,5276.0,428.0,2093.0,1822.0,744.0,189.0
2023,8,17,창신3동,종로구,5102.0,413.0,2129.0,1685.0,703.0,172.0
2023,8,18,창신1동,종로구,10663.0,965.0,1710.0,3976.0,2520.0,1492.0
2023,8,17,창신1동,종로구,10443.0,1008.0,1653.0,3868.0,2389.0,1525.0
2023,8,18,이화동,종로구,54051.0,1008.0,5569.0,19800.0,16734.0,10940.0
2023,8,17,이화동,종로구,54520.0,1087.0,5668.0,20272.0,17029.0,10464.0
2023,8,18,압구정동,강남구,75826.0,1476.0,6582.0,24923.0,31988.0,10857.0
2023,8,17,압구정동,강남구,72787.0,1403.0,6786.0,22989.0,31362.0,10247.0
2023,8,18,수서동,강남구,46090.0,1477.0,9298.0,15902.0,14329.0,5084.0
2023,8,17,수서동,강남구,43163.0,1484.0,9357.0,14438.0,13384.0,4500.0
2023,8,18,일원2동,강남구,15946.0,821.0,4476.0,5633.0,4156.0,860.0
2023,8,17,일원2동,강남구,15397.0,835.0,4513.0,5493.0,3701.0,855.0
2023,8,18,일원1동,강남구,3718.0,221.0,1042.0,1398.0,844.0,213.0
2023,8,17,일원1동,강남구,3608.0,216.0,1029.0,1352.0,822.0,189.0
2023,8,18,일원본동,강남구,21635.0,874.0,4820.0,9444.0,5501.0,996.0
2023,8,17,일원본동,강남구,21872.0,920.0,5091.0,9255.0,5581.0,1025.0
2023,8,18,신사1동,은평구,29139.0,2326.0,10748.0,9014.0,5241.0,1810.0
2023,8,17,신사1동,은평구,28616.0,2373.0,11124.0,8606.0,4893.0,1620.0
2023,8,16,신사1동,은평구,28446.0,2399.0,10873.0,8765.0,4738.0,1671.0
2023,8,18,"상계6,7동",노원구,13582.0,450.0,1887.0,5600.0,3752.0,1893.0
2023,8,17,"상계6,7동",노원구,13345.0,450.0,1924.0,5652.0,3527.0,1792.0
2023,8,16,"상계6,7동",노원구,13695.0,451.0,1872.0,5987.0,3676.0,1709.0
2023,8,18,원효로1동,용산구,10511.0,390.0,2698.0,3770.0,2802.0,851.0
2023,8,17,원효로1동,용산구,10148.0,446.0,2728.0,3441.0,2757.0,776.0
2023,8,16,원효로1동,용산구,9833.0,379.0,2691.0,3395.0,2641.0,727.0
2023,8,18,용산2가동,용산구,17822.0,648.0,3270.0,5775.0,5213.0,2916.0
2023,8,17,용산2가동,용산구,16920.0,660.0,3401.0,5406.0,5053.0,2400.0
2023,8,16,용산2가동,용산구,16576.0,670.0,3277.0,5536.0,4734.0,2359.0
2023,8,18,둔촌1동,강동구,12777.0,706.0,3466.0,4443.0,3172.0,990.0
2023,8,17,둔촌1동,강동구,12294.0,668.0,3501.0,4267.0,3024.0,834.0
2023,8,16,둔촌1동,강동구,12527.0,714.0,3423.0,4491.0,3101.0,798.0
2023,8,18,명일1동,강동구,17437.0,1213.0,5140.0,6120.0,3663.0,1301.0
2023,8,17,명일1동,강동구,17146.0,1261.0,5276.0,5984.0,3380.0,1245.0
2023,8,16,명일1동,강동구,17154.0,1281.0,5247.0,5932.0,3257.0,1437.0
2023,8,18,거여1동,송파구,14402.0,1116.0,5351.0,4308.0,2827.0,800.0
2023,8,17,거여1동,송파구,14359.0,1145.0,5509.0,4296.0,2653.0,756.0
2023,8,16,거여1동,송파구,13997.0,1177.0,5374.0,4186.0,2532.0,728.0
2023,8,18,숭인2동,종로구,22821.0,1208.0,3907.0,10349.0,5724.0,1633.0
2023,8,17,숭인2동,종로구,21618.0,1216.0,3999.0,9792.0,5217.0,1394.0
2023,8,16,숭인2동,종로구,21722.0,1221.0,3951.0,10088.0,5193.0,1269.0
2023,8,18,개포4동,강남구,7248.0,329.0,2010.0,2591.0,1931.0,387.0
2023,8,17,개포4동,강남구,7058.0,315.0,2017.0,2533.0,1836.0,357.0
2023,8,16,개포4동,강남구,7250.0,336.0,1952.0,2790.0,1805.0,367.0
2023,8,18,둔촌2동,강동구,21307.0,1093.0,6583.0,7413.0,4822.0,1396.0
2023,8,17,둔촌2동,강동구,21616.0,1196.0,6921.0,7379.0,4749.0,1371.0
2023,8,16,둔촌2동,강동구,21219.0,1173.0,6790.0,7214.0,4686.0,1356.0
2023,8,18,성내1동,강동구,17895.0,917.0,5285.0,5630.0,4736.0,1327.0
2023,8,17,성내1동,강동구,17668.0,907.0,5355.0,5706.0,4457.0,1243.0
2023,8,16,성내1동,강동구,17182.0,933.0,5286.0,5418.0,4505.0,1040.0
2023,8,18,고덕2동,강동구,5987.0,385.0,1433.0,2395.0,1329.0,445.0
2023,8,17,고덕2동,강동구,5821.0,413.0,1432.0,2232.0,1325.0,419.0
2023,8,16,고덕2동,강동구,5743.0,398.0,1363.0,2267.0,1333.0,382.0
2023,8,18,강일동,강동구,13125.0,1262.0,4420.0,4292.0,2431.0,720.0
2023,8,17,강일동,강동구,12831.0,1262.0,4439.0,4146.0,2305.0,679.0
2023,8,16,강일동,강동구,12922.0,1271.0,4381.0,4267.0,2304.0,699.0
2023,8,18,잠실6동,송파구,118125.0,3231.0,19640.0,35726.0,42652.0,16876.0
2023,8,17,잠실6동,송파구,114908.0,3270.0,20115.0,34531.0,40735.0,16257.0
2023,8,16,잠실6동,송파구,112320.0,3310.0,19877.0,33141.0,40008.0,15984.0
2023,8,18,문정2동,송파구,42738.0,1225.0,7934.0,11758.0,17985.0,3836.0
2023,8,17,문정2동,송파구,42314.0,1302.0,8250.0,10720.0,17816.0,4226.0
2023,8,16,문정2동,송파구,41767.0,1309.0,8157.0,10787.0,17746.0,3768.0
2023,8,18,석촌동,송파구,29347.0,1345.0,8083.0,9063.0,7653.0,3203.0
2023,8,17,석촌동,송파구,28320.0,1398.0,8221.0,8759.0,6944.0,2998.0
2023,8,16,석촌동,송파구,28154.0,1415.0,8200.0,8974.0,6700.0,2865.0
2023,8,18,오륜동,송파구,21255.0,1116.0,5384.0,7376.0,5632.0,1747.0
2023,8,17,오륜동,송파구,20665.0,1160.0,5562.0,7152.0,5237.0,1554.0
2023,8,16,오륜동,송파구,20327.0,1169.0,5598.0,6963.0,5124.0,1473.0
2023,8,18,마천1동,송파구,11635.0,1280.0,5162.0,3191.0,1646.0,356.0
2023,8,17,마천1동,송파구,11509.0,1300.0,5244.0,3176.0,1473.0,316.0
2023,8,16,마천1동,송파구,11653.0,1289.0,5234.0,3269.0,1543.0,318.0
2023,8,18,풍납1동,송파구,3900.0,477.0,1102.0,1156.0,751.0,414.0
2023,8,17,풍납1동,송파구,4037.0,491.0,1212.0,1220.0,756.0,358.0
2023,8,16,풍납1동,송파구,4063.0,496.0,1171.0,1333.0,726.0,337.0
2023,8,18,역삼2동,강남구,20143.0,715.0,4247.0,6997.0,6027.0,2157.0
2023,8,17,역삼2동,강남구,20540.0,745.0,4431.0,6906.0,6153.0,2305.0
2023,8,16,역삼2동,강남구,19817.0,726.0,4221.0,6673.0,6091.0,2106.0
2023,8,18,신사동,강남구,14435.0,392.0,2261.0,4935.0,4489.0,2358.0
2023,8,17,신사동,강남구,13863.0,363.0,2271.0,4665.0,4349.0,2215.0
2023,8,16,신사동,강남구,13947.0,392.0,2263.0,4788.0,4448.0,2056.0
2023,8,18,세곡동,강남구,18740.0,1463.0,6322.0,6341.0,3668.0,946.0
2023,8,17,세곡동,강남구,18139.0,1420.0,6491.0,6029.0,3323.0,876.0
2023,8,16,세곡동,강남구,18170.0,1464.0,6341.0,6149.0,3241.0,975.0
2023,8,18,개포1동,강남구,4912.0,178.0,1204.0,2165.0,1087.0,278.0
2023,8,17,개포1동,강남구,4759.0,195.0,1149.0,2125.0,1050.0,240.0
2023,8,16,개포1동,강남구,4711.0,184.0,1156.0,2160.0,969.0,242.0
2023,8,18,양재2동,서초구,28194.0,1069.0,6351.0,8734.0,9864.0,2176.0
2023,8,17,양재2동,서초구,27507.0,1022.0,6611.0,8163.0,9412.0,2299.0
2023,8,16,양재2동,서초구,28047.0,1063.0,6516.0,8938.0,9464.0,2066.0
2023,8,18,방배2동,서초구,10651.0,623.0,2565.0,3470.0,2919.0,1074.0
2023,8,17,방배2동,서초구,10531.0,622.0,2661.0,3405.0,2854.0,989.0
2023,8,16,방배2동,서초구,10305.0,620.0,2562.0,3495.0,2655.0,973.0
2023,8,18,반포3동,서초구,14908.0,353.0,2197.0,4746.0,4828.0,2784.0
2023,8,17,반포3동,서초구,14295.0,307.0,2306.0,4693.0,4552.0,2437.0
2023,8,16,반포3동,서초구,14541.0,388.0,2290.0,5152.0,4512.0,2199.0
2023,8,18,서초4동,서초구,14817.0,601.0,3249.0,4921.0,3390.0,2656.0
2023,8,17,서초4동,서초구,14674.0,625.0,3332.0,4918.0,3330.0,2469.0
2023,8,16,서초4동,서초구,14494.0,587.0,3390.0,4872.0,3358.0,2287.0
2023,8,18,미성동,관악구,17374.0,1426.0,4918.0,6199.0,3658.0,1173.0
2023,8,17,미성동,관악구,16751.0,1432.0,4920.0,6073.0,3250.0,1076.0
2023,8,16,미성동,관악구,16949.0,1441.0,4918.0,6249.0,3275.0,1066.0
2023,8,18,난향동,관악구,6293.0,591.0,2306.0,2128.0,997.0,271.0
2023,8,17,난향동,관악구,6218.0,633.0,2316.0,2054.0,988.0,227.0
2023,8,16,난향동,관악구,6156.0,649.0,2310.0,2059.0,932.0,206.0
2023,8,18,신원동,관악구,3068.0,146.0,974.0,1116.0,646.0,186.0
2023,8,17,신원동,관악구,2893.0,139.0,988.0,1075.0,557.0,134.0
2023,8,16,신원동,관악구,2777.0,152.0,919.0,980.0,601.0,125.0
2023,8,18,중앙동,관악구,10148.0,661.0,2241.0,3333.0,2542.0,1371.0
2023,8,17,중앙동,관악구,9915.0,676.0,2329.0,3200.0,2383.0,1327.0
2023,8,16,중앙동,관악구,10008.0,623.0,2262.0,3342.0,2485.0,1296.0
2023,8,18,사당2동,동작구,56184.0,2208.0,12816.0,18231.0,15718.0,7211.0
2023,8,17,사당2동,동작구,53689.0,2212.0,13350.0,16853.0,14981.0,6293.0
2023,8,16,사당2동,동작구,53598.0,2235.0,13227.0,17391.0,14926.0,5819.0
2023,8,18,신대방1동,동작구,7214.0,512.0,2149.0,2538.0,1535.0,480.0
2023,8,17,신대방1동,동작구,6919.0,492.0,2094.0,2455.0,1420.0,458.0
2023,8,16,신대방1동,동작구,7239.0,500.0,2062.0,2601.0,1433.0,643.0
2023,8,18,사당3동,동작구,6890.0,408.0,1864.0,2546.0,1552.0,520.0
2023,8,17,사당3동,동작구,6546.0,411.0,1902.0,2315.0,1437.0,481.0
2023,8,16,사당3동,동작구,6532.0,413.0,1851.0,2352.0,1458.0,458.0
2023,8,18,상도1동,동작구,56394.0,3059.0,16285.0,18950.0,13237.0,4863.0
2023,8,17,상도1동,동작구,54374.0,3116.0,16940.0,17552.0,12144.0,4622.0
2023,8,16,상도1동,동작구,54574.0,3115.0,16760.0,17899.0,12377.0,4423.0
2023,8,18,영등포본동,영등포구,29042.0,1134.0,5073.0,9408.0,9767.0,3660.0
2023,8,17,영등포본동,영등포구,27047.0,1163.0,5225.0,9168.0,8787.0,2704.0
2023,8,16,영등포본동,영등포구,26967.0,1181.0,5095.0,9128.0,8872.0,2691.0
2023,8,18,신길7동,영등포구,19580.0,1088.0,6482.0,5906.0,4834.0,1270.0
2023,8,17,신길7동,영등포구,18758.0,1111.0,6644.0,5588.0,4187.0,1228.0
2023,8,16,신길7동,영등포구,18532.0,1062.0,6574.0,5586.0,4177.0,1133.0
2023,8,18,신길3동,영등포구,7040.0,575.0,2182.0,2518.0,1312.0,453.0
2023,8,17,신길3동,영등포구,6786.0,568.0,2284.0,2377.0,1217.0,340.0
2023,8,16,신길3동,영등포구,6903.0,607.0,2251.0,2503.0,1212.0,330.0
2023,8,18,시흥3동,금천구,4072.0,338.0,1050.0,1405.0,1048.0,231.0
2023,8,17,시흥3동,금천구,3940.0,314.0,1085.0,1329.0,984.0,228.0
2023,8,16,시흥3동,금천구,4045.0,332.0,1109.0,1390.0,1027.0,187.0
2023,8,18,독산3동,금천구,16780.0,1579.0,4727.0,5456.0,3873.0,1145.0
2023,8,17,독산3동,금천구,16120.0,1701.0,4784.0,5141.0,3503.0,991.0
2023,8,16,독산3동,금천구,16103.0,1706.0,4704.0,5277.0,3497.0,919.0
2023,8,18,개봉1동,구로구,35639.0,2856.0,11420.0,11027.0,7618.0,2718.0
2023,8,17,개봉1동,구로구,34702.0,3030.0,11624.0,10708.0,7020.0,2320.0
2023,8,16,개봉1동,구로구,34553.0,3015.0,11461.0,10961.0,7010.0,2106.0
2023,8,18,오류2동,구로구,27154.0,2244.0,10518.0,8142.0,4997.0,1253.0
2023,8,17,오류2동,구로구,26707.0,2303.0,10626.0,7778.0,4698.0,1302.0
2023,8,16,오류2동,구로구,26835.0,2305.0,10644.0,8043.0,4614.0,1229.0
2023,8,18,고척2동,구로구,11472.0,986.0,3368.0,4287.0,2198.0,633.0
2023,8,17,고척2동,구로구,10930.0,1003.0,3415.0,4047.0,1912.0,553.0
2023,8,16,고척2동,구로구,10924.0,1042.0,3391.0,4108.0,1885.0,498.0
2023,8,18,신도림동,구로구,75233.0,4684.0,19639.0,22117.0,19793.0,9000.0
2023,8,17,신도림동,구로구,73921.0,4784.0,20381.0,21393.0,19061.0,8302.0
2023,8,16,신도림동,구로구,72557.0,4678.0,20197.0,21372.0,18844.0,7466.0
2023,8,18,방화3동,강서구,9448.0,813.0,3215.0,3445.0,1632.0,343.0
2023,8,17,방화3동,강서구,9130.0,847.0,3323.0,3238.0,1454.0,268.0
2023,8,16,방화3동,강서구,9321.0,834.0,3248.0,3457.0,1526.0,256.0
2023,8,18,가양3동,강서구,2422.0,148.0,550.0,968.0,633.0,123.0
2023,8,17,가양3동,강서구,2374.0,145.0,533.0,1009.0,579.0,108.0
2023,8,16,가양3동,강서구,2321.0,132.0,529.0,994.0,555.0,111.0
2023,8,18,화곡6동,강서구,16645.0,1046.0,4306.0,5777.0,3645.0,1871.0
2023,8,17,화곡6동,강서구,16044.0,1016.0,4423.0,5475.0,3345.0,1785.0
2023,8,16,화곡6동,강서구,15411.0,975.0,4241.0,5781.0,3275.0,1139.0
2023,8,18,화곡본동,강서구,9740.0,720.0,2613.0,3243.0,2238.0,926.0
2023,8,17,화곡본동,강서구,9377.0,739.0,2592.0,3092.0,2208.0,746.0
2023,8,16,화곡본동,강서구,9459.0,720.0,2611.0,3186.0,2207.0,735.0
2023,8,18,신월5동,양천구,4867.0,422.0,1378.0,1872.0,901.0,294.0
2023,8,17,신월5동,양천구,4617.0,431.0,1418.0,1710.0,833.0,225.0
2023,8,16,신월5동,양천구,4612.0,440.0,1420.0,1654.0,842.0,256.0
2023,8,18,신월1동,양천구,5103.0,539.0,1635.0,1708.0,959.0,262.0
2023,8,17,신월1동,양천구,4698.0,529.0,1585.0,1586.0,796.0,202.0
2023,8,16,신월1동,양천구,4834.0,559.0,1617.0,1641.0,802.0,215.0
2023,8,18,아현동,마포구,33638.0,1683.0,10267.0,11331.0,8046.0,2311.0
2023,8,17,아현동,마포구,32768.0,1711.0,10665.0,10710.0,7480.0,2202.0
2023,8,16,아현동,마포구,32104.0,1730.0,10554.0,10631.0,7272.0,1917.0
2023,8,18,성산2동,마포구,32856.0,1601.0,10004.0,10973.0,7938.0,2340.0
2023,8,17,성산2동,마포구,32431.0,1641.0,10003.0,10997.0,7451.0,2339.0
2023,8,16,성산2동,마포구,32063.0,1625.0,10140.0,11051.0,7181.0,2066.0
2023,8,18,신수동,마포구,2751.0,104.0,846.0,1048.0,607.0,146.0
2023,8,17,신수동,마포구,2608.0,117.0,825.0,1041.0,496.0,129.0
2023,8,16,신수동,마포구,2539.0,109.0,789.0,1015.0,518.0,108.0
2023,8,18,용강동,마포구,22534.0,719.0,4904.0,6766.0,7659.0,2486.0
2023,8,17,용강동,마포구,22164.0,740.0,5225.0,6384.0,7403.0,2412.0
2023,8,16,용강동,마포구,22119.0,750.0,5173.0,6507.0,7570.0,2119.0
2023,8,18,충현동,서대문구,54031.0,1475.0,8583.0,17182.0,22444.0,4347.0
2023,8,17,충현동,서대문구,53528.0,1529.0,8890.0,15981.0,22604.0,4524.0
2023,8,16,충현동,서대문구,52234.0,1498.0,8657.0,15563.0,22372.0,4144.0
2023,8,18,남가좌1동,서대문구,14227.0,1124.0,4576.0,4757.0,2808.0,962.0
2023,8,17,남가좌1동,서대문구,14023.0,1189.0,4668.0,4770.0,2582.0,814.0
2023,8,16,남가좌1동,서대문구,13892.0,1199.0,4592.0,4772.0,2539.0,790.0
2023,8,18,천연동,서대문구,19665.0,1426.0,5456.0,7791.0,4020.0,972.0
2023,8,17,천연동,서대문구,18885.0,1423.0,5440.0,7448.0,3700.0,874.0
2023,8,16,천연동,서대문구,18762.0,1434.0,5232.0,7480.0,3686.0,930.0
2023,8,18,수색동,은평구,9432.0,806.0,3240.0,2872.0,1993.0,521.0
2023,8,17,수색동,은평구,9496.0,848.0,3315.0,2821.0,2020.0,492.0
2023,8,16,수색동,은평구,9455.0,797.0,3305.0,2875.0,1983.0,495.0
2023,8,18,응암3동,은평구,12622.0,660.0,2682.0,4839.0,3293.0,1148.0
2023,8,17,응암3동,은평구,12324.0,647.0,2705.0,4738.0,3255.0,979.0
2023,8,16,응암3동,은평구,12355.0,681.0,2630.0,4874.0,3096.0,1074.0
2023,8,18,갈현2동,은평구,19539.0,1251.0,5491.0,6601.0,4252.0,1944.0
2023,8,17,갈현2동,은평구,18980.0,1213.0,5741.0,6500.0,3853.0,1673.0
2023,8,18,녹번동,은평구,35146.0,2625.0,12955.0,10753.0,6745.0,2068.0
2023,8,17,녹번동,은평구,34697.0,2656.0,13279.0,10463.0,6334.0,1965.0
2023,8,18,월계2동,노원구,13171.0,1132.0,4167.0,5255.0,2030.0,587.0
2023,8,17,월계2동,노원구,12905.0,1148.0,4207.0,5007.0,1994.0,549.0
2023,8,18,홍은2동,서대문구,23145.0,1588.0,6488.0,9192.0,4377.0,1500.0
2023,8,17,홍은2동,서대문구,21978.0,1585.0,6442.0,8521.0,4033.0,1397.0
2023,8,18,"상계3,4동",노원구,12686.0,1296.0,4863.0,4070.0,2019.0,438.0
2023,8,17,"상계3,4동",노원구,12268.0,1291.0,4884.0,3939.0,1742.0,412.0
2023,8,18,중계본동,노원구,9432.0,682.0,2250.0,3118.0,1958.0,1424.0
2023,8,17,중계본동,노원구,9101.0,720.0,2262.0,2964.0,1792.0,1363.0
2023,8,18,공릉2동,노원구,25306.0,1920.0,8781.0,8631.0,4558.0,1416.0
2023,8,17,공릉2동,노원구,24304.0,1941.0,8980.0,7867.0,4249.0,1267.0
2023,8,18,창5동,도봉구,34854.0,2577.0,9718.0,11859.0,7582.0,3118.0
2023,8,17,창5동,도봉구,33593.0,2653.0,9992.0,11577.0,6983.0,2388.0
2023,8,18,창1동,도봉구,48424.0,3739.0,16159.0,14444.0,10161.0,3921.0
2023,8,17,창1동,도봉구,47310.0,3779.0,16504.0,13807.0,9610.0,3610.0
2023,8,18,쌍문4동,도봉구,6582.0,619.0,2059.0,2311.0,1174.0,419.0
2023,8,17,쌍문4동,도봉구,6765.0,622.0,2246.0,2460.0,1067.0,370.0
2023,8,18,인수동,강북구,10521.0,918.0,2812.0,3989.0,2143.0,659.0
2023,8,17,인수동,강북구,10038.0,949.0,2773.0,3912.0,1906.0,498.0
2023,8,18,송중동,강북구,35545.0,1098.0,4903.0,12505.0,11614.0,5425.0
2023,8,17,송중동,강북구,34060.0,1087.0,4955.0,11872.0,11276.0,4870.0
2023,8,18,수유2동,강북구,10794.0,891.0,3512.0,3646.0,2087.0,658.0
2023,8,17,수유2동,강북구,10462.0,885.0,3603.0,3544.0,1859.0,571.0
2023,8,18,번1동,강북구,59520.0,3817.0,15738.0,19240.0,14436.0,6289.0
2023,8,17,번1동,강북구,58030.0,3735.0,16056.0,18724.0,13971.0,5544.0
2023,8,18,성북동,성북구,15351.0,897.0,3624.0,5762.0,3559.0,1509.0
2023,8,17,성북동,성북구,14852.0,943.0,3518.0,5498.0,3392.0,1501.0
2023,8,18,월곡2동,성북구,26065.0,1735.0,8525.0,8148.0,5982.0,1675.0
2023,8,17,월곡2동,성북구,26332.0,1731.0,8792.0,7883.0,5594.0,2332.0
2023,8,18,정릉4동,성북구,19649.0,1342.0,5813.0,6949.0,4257.0,1288.0
2023,8,17,정릉4동,성북구,19207.0,1335.0,5944.0,6805.0,3896.0,1227.0
2023,8,18,돈암1동,성북구,14618.0,916.0,3077.0,4958.0,3761.0,1906.0
2023,8,17,돈암1동,성북구,14778.0,959.0,3088.0,5165.0,3778.0,1788.0
2023,8,18,"면목3,8동",중랑구,28680.0,2136.0,9369.0,9080.0,6087.0,2008.0
2023,8,17,"면목3,8동",중랑구,27969.0,2193.0,9456.0,8815.0,5750.0,1755.0
2023,8,18,망우3동,중랑구,5303.0,580.0,1672.0,1855.0,973.0,223.0
2023,8,17,망우3동,중랑구,5212.0,575.0,1713.0,1779.0,952.0,193.0
2023,8,18,상봉2동,중랑구,40880.0,2512.0,11559.0,12348.0,10096.0,4365.0
2023,8,17,상봉2동,중랑구,39783.0,2535.0,11811.0,12287.0,9460.0,3690.0
2023,8,18,면목2동,중랑구,7375.0,738.0,2446.0,2323.0,1424.0,444.0
2023,8,17,면목2동,중랑구,7060.0,736.0,2452.0,2166.0,1309.0,397.0
2023,8,18,장안2동,동대문구,17100.0,1200.0,4842.0,5831.0,3794.0,1433.0
2023,8,17,장안2동,동대문구,16527.0,1200.0,4959.0,5381.0,3620.0,1367.0
2023,8,18,전농2동,동대문구,10475.0,766.0,2957.0,3961.0,2093.0,698.0
2023,8,17,전농2동,동대문구,9796.0,728.0,2848.0,3732.0,1908.0,580.0
2023,8,18,회기동,동대문구,8369.0,213.0,1257.0,4241.0,1954.0,704.0
2023,8,17,회기동,동대문구,8154.0,219.0,1264.0,4079.0,1992.0,600.0
2023,8,18,자양3동,광진구,7375.0,287.0,1420.0,2518.0,2282.0,868.0
2023,8,17,자양3동,광진구,6924.0,302.0,1435.0,2425.0,1991.0,771.0
2023,8,18,구의3동,광진구,41365.0,1664.0,12095.0,13758.0,10293.0,3555.0
2023,8,17,구의3동,광진구,38475.0,1748.0,12472.0,13171.0,8314.0,2770.0
2023,8,18,중곡4동,광진구,3966.0,270.0,1026.0,1425.0,932.0,313.0
2023,8,17,중곡4동,광진구,3794.0,273.0,1053.0,1325.0,895.0,248.0
2023,8,18,화양동,광진구,65446.0,2356.0,12111.0,19342.0,19169.0,12468.0
2023,8,17,화양동,광진구,61203.0,2200.0,12485.0,18331.0,17604.0,10583.0
2023,8,18,보광동,용산구,6125.0,351.0,1598.0,2544.0,1273.0,359.0
2023,8,17,보광동,용산구,5922.0,359.0,1620.0,2526.0,1083.0,334.0
2023,8,18,이촌2동,용산구,3756.0,184.0,932.0,1058.0,834.0,748.0
2023,8,17,이촌2동,용산구,3321.0,174.0,953.0,983.0,821.0,390.0
2023,8,18,원효로2동,용산구,7098.0,376.0,1992.0,2221.0,2194.0,315.0
2023,8,17,원효로2동,용산구,6603.0,384.0,2056.0,2161.0,1673.0,329.0
2023,8,18,동화동,중구,9834.0,404.0,2271.0,3164.0,3196.0,799.0
2023,8,17,동화동,중구,9734.0,382.0,2330.0,3037.0,3089.0,896.0
2023,8,18,중림동,중구,5417.0,275.0,1137.0,1899.0,1537.0,569.0
2023,8,17,중림동,중구,5056.0,258.0,1153.0,1708.0,1430.0,507.0
2023,8,18,광희동,중구,52388.0,1804.0,4544.0,18893.0,19953.0,7194.0
2023,8,17,광희동,중구,51323.0,1877.0,4417.0,18139.0,19394.0,7496.0
2023,8,18,회현동,중구,155924.0,2663.0,16505.0,59233.0,60371.0,17152.0
2023,8,17,회현동,중구,147847.0,2681.0,16933.0,55322.0,58709.0,14202.0
2023,8,18,숭인1동,종로구,6752.0,193.0,878.0,2529.0,2071.0,1081.0
2023,8,17,숭인1동,종로구,6392.0,209.0,839.0,2339.0,1999.0,1006.0
2023,8,18,"종로5,6가동",종로구,75479.0,1733.0,5694.0,34561.0,26803.0,6688.0
2023,8,17,"종로5,6가동",종로구,73444.0,1734.0,5790.0,33213.0,26397.0,6310.0
2023,8,18,도곡1동,강남구,27503.0,793.0,4841.0,9191.0,10196.0,2482.0
2023,8,17,도곡1동,강남구,27579.0,805.0,5030.0,8965.0,10134.0,2645.0
2023,8,18,역삼1동,강남구,159031.0,3217.0,17211.0,48018.0,68123.0,22462.0
2023,8,17,역삼1동,강남구,158649.0,3155.0,17878.0,44610.0,69577.0,23429.0
2023,8,18,대치4동,강남구,87145.0,1257.0,7326.0,27922.0,38794.0,11846.0
2023,8,17,대치4동,강남구,87971.0,1316.0,7469.0,25488.0,40734.0,12964.0
2023,8,18,대치1동,강남구,16398.0,309.0,2275.0,5616.0,4533.0,3665.0
2023,8,17,대치1동,강남구,15897.0,294.0,2487.0,5072.0,4481.0,3563.0
2023,8,18,삼성1동,강남구,68091.0,1475.0,8101.0,22289.0,28946.0,7280.0
2023,8,17,삼성1동,강남구,69472.0,1465.0,8647.0,20245.0,31286.0,7829.0
2023,8,18,논현1동,강남구,79331.0,1635.0,8896.0,22943.0,32527.0,13330.0
2023,8,17,논현1동,강남구,77574.0,1673.0,9225.0,21286.0,32686.0,12704.0
2023,8,18,내곡동,서초구,10761.0,472.0,2563.0,3553.0,3702.0,471.0
2023,8,17,내곡동,서초구,10791.0,454.0,2643.0,3529.0,3667.0,498.0
2023,8,18,양재1동,서초구,85361.0,2498.0,15858.0,26150.0,32272.0,8583.0
2023,8,17,양재1동,서초구,82985.0,2497.0,16402.0,24064.0,31286.0,8736.0
2023,8,18,방배3동,서초구,28573.0,866.0,6539.0,10045.0,8697.0,2426.0
2023,8,17,방배3동,서초구,28682.0,862.0,6961.0,9698.0,8721.0,2440.0
2023,8,18,방배1동,서초구,25590.0,714.0,5503.0,8249.0,8934.0,2190.0
2023,8,17,방배1동,서초구,25390.0,659.0,5707.0,7757.0,8952.0,2315.0
2023,8,18,방배본동,서초구,8630.0,299.0,2303.0,2893.0,2423.0,712.0
2023,8,17,방배본동,서초구,8217.0,336.0,2197.0,2767.0,2240.0,677.0
2023,8,18,반포4동,서초구,107546.0,1655.0,11909.0,41661.0,37737.0,14584.0
2023,8,17,반포4동,서초구,95930.0,1562.0,12212.0,39613.0,31908.0,10635.0
2023,8,18,반포2동,서초구,11785.0,303.0,2069.0,4866.0,3220.0,1327.0
2023,8,17,반포2동,서초구,11515.0,284.0,2153.0,4920.0,2894.0,1264.0
2023,8,18,반포본동,서초구,3736.0,143.0,507.0,1918.0,919.0,249.0
2023,8,17,반포본동,서초구,3336.0,164.0,597.0,1419.0,875.0,281.0
2023,8,18,잠원동,서초구,16095.0,853.0,4225.0,5542.0,4083.0,1392.0
2023,8,17,잠원동,서초구,15658.0,780.0,4274.0,5331.0,3946.0,1327.0
2023,8,18,서초2동,서초구,124139.0,1907.0,12097.0,37062.0,49959.0,23114.0
2023,8,17,서초2동,서초구,121376.0,1879.0,12608.0,34588.0,49887.0,22414.0
2023,8,18,서초1동,서초구,64029.0,1075.0,7611.0,21739.0,25633.0,7971.0
2023,8,17,서초1동,서초구,63876.0,1074.0,7746.0,21165.0,25318.0,8573.0
2023,8,18,삼성동,관악구,11053.0,761.0,2613.0,4578.0,2309.0,792.0
2023,8,17,삼성동,관악구,10535.0,766.0,2574.0,4185.0,2285.0,725.0
2023,8,18,난곡동,관악구,12082.0,1431.0,4132.0,4178.0,1877.0,464.0
2023,8,17,난곡동,관악구,11596.0,1401.0,4224.0,3997.0,1597.0,377.0
2023,8,18,청룡동,관악구,91721.0,5539.0,31717.0,27409.0,18984.0,8072.0
2023,8,17,청룡동,관악구,89885.0,5668.0,32759.0,26627.0,17303.0,7528.0
2023,8,18,은천동,관악구,16095.0,945.0,3747.0,5476.0,4142.0,1785.0
2023,8,17,은천동,관악구,15701.0,1003.0,3785.0,5216.0,4097.0,1600.0
2023,8,18,조원동,관악구,28681.0,1261.0,5040.0,7371.0,9933.0,5076.0
2023,8,17,조원동,관악구,28976.0,1313.0,5128.0,7277.0,10284.0,4974.0
2023,8,18,서림동,관악구,15740.0,1144.0,5919.0,5081.0,2752.0,844.0
2023,8,17,서림동,관악구,15099.0,1175.0,5960.0,4831.0,2336.0,797.0
2023,8,18,서원동,관악구,83706.0,5383.0,29914.0,23505.0,16908.0,7996.0
2023,8,17,서원동,관악구,82016.0,5558.0,30643.0,22830.0,15948.0,7037.0
2023,8,18,남현동,관악구,79970.0,3889.0,21300.0,22492.0,19503.0,12786.0
2023,8,17,남현동,관악구,75590.0,3887.0,21879.0,21830.0,17766.0,10228.0
2023,8,16,남현동,관악구,73575.0,3982.0,21782.0,21565.0,17287.0,8959.0
2023,8,18,인헌동,관악구,38003.0,1951.0,14232.0,11164.0,7943.0,2713.0
2023,8,17,인헌동,관악구,36583.0,2062.0,14671.0,10657.0,6831.0,2362.0
2023,8,18,낙성대동,관악구,16973.0,803.0,3222.0,6375.0,4245.0,2328.0
2023,8,17,낙성대동,관악구,16322.0,858.0,3352.0,5781.0,4060.0,2271.0
2023,8,18,행운동,관악구,16977.0,591.0,2535.0,5979.0,5154.0,2718.0
2023,8,17,행운동,관악구,16752.0,596.0,2617.0,5585.0,5291.0,2663.0
2023,8,18,보라매동,관악구,12542.0,715.0,3864.0,4287.0,2843.0,833.0
2023,8,17,보라매동,관악구,12318.0,755.0,3909.0,4139.0,2706.0,809.0
2023,8,18,노량진1동,동작구,64513.0,3601.0,17075.0,18387.0,16645.0,8805.0
2023,8,17,노량진1동,동작구,62202.0,3698.0,17752.0,17488.0,15171.0,8093.0
2023,8,18,신대방2동,동작구,18101.0,785.0,4018.0,6782.0,5187.0,1329.0
2023,8,17,신대방2동,동작구,18064.0,790.0,4042.0,6781.0,5194.0,1257.0
2023,8,18,대방동,동작구,48393.0,2720.0,15737.0,16012.0,10559.0,3365.0
2023,8,17,대방동,동작구,47103.0,2785.0,16226.0,15245.0,9705.0,3142.0
2023,8,18,사당5동,동작구,4921.0,304.0,1765.0,1776.0,880.0,196.0
2023,8,17,사당5동,동작구,4553.0,294.0,1806.0,1580.0,713.0,160.0
2023,8,18,사당4동,동작구,13641.0,893.0,5576.0,4431.0,2105.0,636.0
2023,8,17,사당4동,동작구,13170.0,864.0,5666.0,4141.0,1938.0,561.0
2023,8,18,사당1동,동작구,9643.0,394.0,1889.0,2835.0,2644.0,1881.0
2023,8,17,사당1동,동작구,9290.0,418.0,1966.0,2654.0,2565.0,1687.0
2023,8,18,상도4동,동작구,7670.0,599.0,2749.0,2776.0,1246.0,300.0
2023,8,17,상도4동,동작구,7468.0,618.0,2936.0,2559.0,1065.0,290.0
2023,8,18,상도3동,동작구,9483.0,611.0,2737.0,3372.0,2031.0,732.0
2023,8,17,상도3동,동작구,8993.0,670.0,2763.0,3075.0,1800.0,685.0
2023,8,18,문래동,영등포구,38176.0,1270.0,7912.0,10319.0,14383.0,4292.0
2023,8,17,문래동,영등포구,37721.0,1345.0,8305.0,9728.0,14438.0,3905.0
2023,8,18,영등포동,영등포구,53724.0,1808.0,11051.0,16263.0,16661.0,7941.0
2023,8,17,영등포동,영등포구,49460.0,1809.0,11393.0,15580.0,14890.0,5788.0
2023,8,18,대림3동,영등포구,41172.0,3518.0,12581.0,13506.0,9136.0,2431.0
2023,8,17,대림3동,영등포구,40307.0,3550.0,12790.0,13272.0,8635.0,2060.0
2023,8,18,대림2동,영등포구,5016.0,275.0,862.0,1702.0,1554.0,623.0
2023,8,17,대림2동,영등포구,4800.0,295.0,821.0,1639.0,1501.0,544.0
2023,8,18,도곡2동,강남구,32752.0,887.0,5884.0,11032.0,11191.0,3758.0
2023,8,17,도곡2동,강남구,31504.0,948.0,6086.0,10490.0,10377.0,3603.0
2023,8,18,방배4동,서초구,11602.0,554.0,3064.0,4240.0,2743.0,1001.0
2023,8,17,방배4동,서초구,11134.0,521.0,3004.0,4081.0,2594.0,934.0
2023,8,18,서초3동,서초구,82909.0,1689.0,12276.0,28230.0,32208.0,8506.0
2023,8,17,서초3동,서초구,81269.0,1713.0,12750.0,26801.0,31426.0,8579.0
2023,8,18,신사동,관악구,32924.0,2719.0,14011.0,9063.0,5444.0,1687.0
2023,8,17,신사동,관악구,32206.0,2709.0,14359.0,8878.0,4743.0,1517.0
2023,8,18,중계1동,노원구,6992.0,469.0,1737.0,2233.0,1526.0,1027.0
2023,8,17,중계1동,노원구,6794.0,467.0,1796.0,2147.0,1351.0,1033.0
2023,8,18,신정4동,양천구,32394.0,2194.0,9567.0,9488.0,7684.0,3461.0
2023,8,17,신정4동,양천구,31572.0,2208.0,9852.0,8776.0,7385.0,3351.0
2023,8,18,삼성2동,강남구,40570.0,910.0,6214.0,12737.0,17142.0,3567.0
2023,8,17,삼성2동,강남구,40363.0,906.0,6480.0,11840.0,17154.0,3983.0
2023,8,18,문정1동,송파구,5250.0,255.0,1138.0,1857.0,1479.0,521.0
2023,8,17,문정1동,송파구,5223.0,271.0,1197.0,1801.0,1410.0,544.0
2023,8,18,"중계2,3동",노원구,25845.0,1941.0,8338.0,8976.0,4877.0,1713.0
2023,8,17,"중계2,3동",노원구,25642.0,1995.0,8551.0,8823.0,4583.0,1690.0
2023,8,18,월계1동,노원구,12589.0,524.0,2660.0,4244.0,3710.0,1451.0
2023,8,17,월계1동,노원구,12281.0,585.0,2678.0,4097.0,3554.0,1367.0
2023,8,18,등촌2동,강서구,8678.0,526.0,2264.0,3285.0,1966.0,637.0
2023,8,17,등촌2동,강서구,8591.0,542.0,2302.0,3305.0,1867.0,575.0
2023,8,18,신정1동,양천구,7136.0,372.0,1655.0,2705.0,1727.0,677.0
2023,8,17,신정1동,양천구,6994.0,381.0,1607.0,2686.0,1684.0,636.0
2023,8,18,신월7동,양천구,6706.0,762.0,2087.0,2293.0,1183.0,381.0
2023,8,17,신월7동,양천구,6336.0,757.0,2044.0,2109.0,1086.0,340.0
2023,8,18,신월4동,양천구,6722.0,539.0,2218.0,2267.0,1263.0,435.0
2023,8,17,신월4동,양천구,6409.0,569.0,2133.0,2088.0,1205.0,414.0
2023,8,18,신월3동,양천구,3891.0,370.0,787.0,1607.0,876.0,251.0
2023,8,17,신월3동,양천구,3537.0,368.0,781.0,1363.0,821.0,204.0
2023,8,18,목4동,양천구,10294.0,839.0,3191.0,3586.0,1939.0,739.0
2023,8,17,목4동,양천구,9779.0,826.0,3291.0,3378.0,1667.0,617.0
2023,8,18,목3동,양천구,23226.0,1670.0,8017.0,7557.0,4591.0,1391.0
2023,8,17,목3동,양천구,22842.0,1784.0,8224.0,7466.0,4132.0,1236.0
2023,8,18,목2동,양천구,31248.0,2444.0,12796.0,8579.0,5676.0,1753.0
2023,8,17,목2동,양천구,30557.0,2478.0,13153.0,8268.0,5024.0,1634.0
2023,8,18,목1동,양천구,65589.0,2668.0,14819.0,20450.0,19281.0,8371.0
2023,8,17,목1동,양천구,63233.0,2721.0,15253.0,19039.0,18068.0,8152.0
2023,8,18,공덕동,마포구,56205.0,1710.0,11248.0,17155.0,19818.0,6274.0
2023,8,17,공덕동,마포구,54964.0,1768.0,11501.0,15769.0,19968.0,5958.0
2023,8,18,대림1동,영등포구,5994.0,403.0,1447.0,2364.0,1306.0,474.0
2023,8,17,대림1동,영등포구,6004.0,433.0,1469.0,2407.0,1248.0,447.0
2023,8,18,신길6동,영등포구,20523.0,1647.0,6776.0,6426.0,4326.0,1348.0
2023,8,17,신길6동,영등포구,19884.0,1691.0,6983.0,5903.0,4058.0,1249.0
2023,8,18,신길5동,영등포구,4484.0,266.0,1274.0,1469.0,1091.0,384.0
2023,8,17,신길5동,영등포구,4496.0,264.0,1307.0,1472.0,1093.0,360.0
2023,8,18,신길4동,영등포구,4647.0,567.0,1662.0,1510.0,718.0,190.0
2023,8,17,신길4동,영등포구,4609.0,582.0,1748.0,1486.0,654.0,139.0
2023,8,18,양평1동,영등포구,14579.0,640.0,4395.0,4109.0,4570.0,865.0
2023,8,17,양평1동,영등포구,14326.0,660.0,4578.0,3976.0,4337.0,775.0
2023,8,18,당산2동,영등포구,62286.0,2643.0,16172.0,17618.0,18489.0,7364.0
2023,8,17,당산2동,영등포구,60277.0,2631.0,16788.0,16557.0,17665.0,6636.0
2023,8,18,당산1동,영등포구,37509.0,1168.0,7502.0,11153.0,14056.0,3630.0
2023,8,17,당산1동,영등포구,37102.0,1245.0,7768.0,10693.0,13828.0,3568.0
2023,8,18,시흥5동,금천구,13696.0,1305.0,3995.0,5038.0,2518.0,840.0
2023,8,17,시흥5동,금천구,13291.0,1290.0,4022.0,4786.0,2425.0,768.0
2023,8,18,시흥4동,금천구,8221.0,1204.0,2886.0,2577.0,1224.0,330.0
2023,8,17,시흥4동,금천구,8056.0,1205.0,2989.0,2432.0,1199.0,231.0
2023,8,18,시흥2동,금천구,7106.0,537.0,2260.0,2691.0,1276.0,342.0
2023,8,17,시흥2동,금천구,7039.0,638.0,2241.0,2655.0,1123.0,382.0
2023,8,18,독산4동,금천구,12165.0,1078.0,2933.0,3781.0,3361.0,1012.0
2023,8,17,독산4동,금천구,11750.0,1063.0,2993.0,3567.0,3225.0,902.0
2023,8,18,독산2동,금천구,10536.0,1145.0,3419.0,3251.0,2074.0,647.0
2023,8,17,독산2동,금천구,10121.0,1168.0,3361.0,3024.0,1970.0,598.0
2023,8,18,가산동,금천구,96150.0,2839.0,13980.0,23398.0,48320.0,7613.0
2023,8,17,가산동,금천구,95569.0,2847.0,14381.0,20815.0,49018.0,8508.0
2023,8,18,구로2동,구로구,30840.0,2027.0,7544.0,10079.0,7275.0,3915.0
2023,8,17,구로2동,구로구,29015.0,2065.0,7731.0,10019.0,7087.0,2113.0
2023,8,18,가리봉동,구로구,7480.0,632.0,1648.0,2211.0,2261.0,728.0
2023,8,17,가리봉동,구로구,7324.0,651.0,1650.0,2104.0,2223.0,696.0
2023,8,18,수궁동,구로구,29145.0,2273.0,10025.0,8999.0,6022.0,1826.0
2023,8,17,수궁동,구로구,29033.0,2348.0,10231.0,8250.0,6125.0,2079.0
2023,8,18,오류1동,구로구,15566.0,1404.0,5578.0,4833.0,2855.0,896.0
2023,8,17,오류1동,구로구,15141.0,1412.0,5760.0,4531.0,2563.0,875.0
2023,8,18,개봉2동,구로구,12092.0,884.0,2720.0,3810.0,3306.0,1372.0
2023,8,17,개봉2동,구로구,11692.0,911.0,2660.0,3650.0,3206.0,1265.0
2023,8,18,고척1동,구로구,15126.0,950.0,3604.0,4973.0,2975.0,2624.0
2023,8,17,고척1동,구로구,13143.0,946.0,3597.0,4792.0,2884.0,924.0
2023,8,16,고척1동,구로구,12820.0,948.0,3662.0,4746.0,2650.0,814.0
2023,8,18,구로5동,구로구,26724.0,1807.0,5689.0,8401.0,7883.0,2944.0
2023,8,17,구로5동,구로구,26830.0,1895.0,5908.0,8630.0,7908.0,2489.0
2023,8,16,구로5동,구로구,26489.0,1876.0,5716.0,8488.0,7963.0,2446.0
2023,8,18,구로3동,구로구,101505.0,5667.0,24271.0,26336.0,36351.0,8880.0
2023,8,17,구로3동,구로구,100192.0,5675.0,25107.0,24241.0,36244.0,8925.0
2023,8,16,구로3동,구로구,99625.0,5606.0,24887.0,24745.0,36171.0,8216.0
2023,8,18,구로1동,구로구,4445.0,315.0,1597.0,1529.0,797.0,207.0
2023,8,17,구로1동,구로구,4313.0,350.0,1614.0,1479.0,699.0,171.0
2023,8,16,구로1동,구로구,4335.0,360.0,1642.0,1462.0,723.0,148.0
2023,8,18,우장산동,강서구,37801.0,1258.0,6490.0,12483.0,12883.0,4687.0
2023,8,17,우장산동,강서구,37536.0,1259.0,6724.0,12165.0,12799.0,4589.0
2023,8,16,우장산동,강서구,36955.0,1266.0,6442.0,12498.0,12987.0,3762.0
2023,8,18,화곡1동,강서구,82777.0,7316.0,34039.0,23119.0,13757.0,4546.0
2023,8,17,화곡1동,강서구,80076.0,7388.0,34546.0,21925.0,12237.0,3980.0
2023,8,16,화곡1동,강서구,79882.0,7368.0,34127.0,22458.0,11994.0,3935.0
2023,8,18,방화2동,강서구,43365.0,1900.0,9021.0,15812.0,12257.0,4375.0
2023,8,17,방화2동,강서구,41829.0,1865.0,9293.0,14915.0,11642.0,4114.0
2023,8,16,방화2동,강서구,40575.0,1967.0,9098.0,14280.0,11123.0,4107.0
2023,8,18,방화1동,강서구,21819.0,1263.0,5656.0,7047.0,6092.0,1761.0
2023,8,17,방화1동,강서구,21180.0,1235.0,5771.0,6301.0,6122.0,1751.0
2023,8,16,방화1동,강서구,20984.0,1274.0,5826.0,6087.0,6238.0,1559.0
2023,8,18,발산1동,강서구,29151.0,1808.0,8664.0,11003.0,5885.0,1791.0
2023,8,17,발산1동,강서구,28266.0,1906.0,8727.0,10593.0,5358.0,1682.0
2023,8,16,발산1동,강서구,27948.0,1896.0,8519.0,10665.0,5362.0,1506.0
2023,8,18,가양2동,강서구,2443.0,108.0,552.0,985.0,613.0,185.0
2023,8,17,가양2동,강서구,2333.0,102.0,549.0,955.0,552.0,175.0
2023,8,16,가양2동,강서구,2294.0,112.0,561.0,943.0,531.0,147.0
2023,8,18,가양1동,강서구,53632.0,2146.0,11548.0,16487.0,18338.0,5113.0
2023,8,17,가양1동,강서구,53180.0,2194.0,11936.0,15331.0,18485.0,5234.0
2023,8,16,가양1동,강서구,52101.0,2215.0,11636.0,15524.0,18011.0,4715.0
2023,8,18,화곡4동,강서구,5967.0,452.0,1748.0,2195.0,1198.0,374.0
2023,8,17,화곡4동,강서구,5705.0,413.0,1763.0,2075.0,1107.0,347.0
2023,8,16,화곡4동,강서구,5852.0,450.0,1709.0,2208.0,1104.0,381.0
2023,8,18,화곡3동,강서구,4815.0,159.0,660.0,1673.0,1508.0,815.0
2023,8,17,화곡3동,강서구,4603.0,171.0,672.0,1528.0,1464.0,768.0
2023,8,16,화곡3동,강서구,4855.0,141.0,642.0,1705.0,1595.0,772.0
2023,8,18,화곡2동,강서구,5757.0,571.0,2137.0,1791.0,1013.0,245.0
2023,8,17,화곡2동,강서구,5385.0,543.0,2081.0,1697.0,867.0,197.0
2023,8,16,화곡2동,강서구,5461.0,537.0,2162.0,1740.0,819.0,203.0
2023,8,18,등촌3동,강서구,39239.0,2279.0,10599.0,12739.0,9617.0,4005.0
2023,8,17,등촌3동,강서구,38321.0,2375.0,11094.0,12038.0,9105.0,3709.0
2023,8,16,등촌3동,강서구,36998.0,2307.0,10944.0,12204.0,9091.0,2452.0
2023,8,18,등촌1동,강서구,17723.0,724.0,4563.0,5488.0,5737.0,1211.0
2023,8,17,등촌1동,강서구,17504.0,748.0,4712.0,5005.0,5821.0,1218.0
2023,8,16,등촌1동,강서구,17599.0,800.0,4631.0,5166.0,5813.0,1189.0
2023,8,18,목5동,양천구,16584.0,760.0,4020.0,5638.0,3895.0,2271.0
2023,8,17,목5동,양천구,15563.0,737.0,3824.0,5310.0,3580.0,2112.0
2023,8,16,목5동,양천구,15593.0,767.0,3798.0,5428.0,3611.0,1989.0
2023,8,18,신정7동,양천구,13444.0,1093.0,4851.0,4406.0,2368.0,726.0
2023,8,17,신정7동,양천구,13048.0,1099.0,4922.0,4266.0,2094.0,667.0
2023,8,16,신정7동,양천구,12867.0,1168.0,4885.0,4251.0,1984.0,579.0
2023,8,18,월계3동,노원구,13274.0,1100.0,4449.0,4365.0,2535.0,825.0
2023,8,17,월계3동,노원구,12876.0,1145.0,4469.0,4257.0,2281.0,724.0
2023,8,16,월계3동,노원구,12902.0,1151.0,4439.0,4323.0,2301.0,688.0
2023,8,18,도봉1동,도봉구,10974.0,959.0,2888.0,3901.0,2541.0,685.0
2023,8,17,도봉1동,도봉구,11076.0,944.0,2926.0,3917.0,2656.0,633.0
2023,8,16,도봉1동,도봉구,11229.0,975.0,3150.0,3971.0,2540.0,593.0
2023,8,18,창4동,도봉구,13422.0,481.0,2626.0,5082.0,3574.0,1659.0
2023,8,17,창4동,도봉구,12814.0,500.0,2637.0,4825.0,3421.0,1431.0
2023,8,16,창4동,도봉구,12804.0,469.0,2671.0,5025.0,3366.0,1273.0
2023,8,18,창3동,도봉구,5697.0,399.0,1849.0,2016.0,1112.0,321.0
2023,8,17,창3동,도봉구,5437.0,415.0,1873.0,1923.0,993.0,233.0
2023,8,16,창3동,도봉구,5344.0,419.0,1775.0,1889.0,1004.0,257.0
2023,8,18,창2동,도봉구,8261.0,677.0,2733.0,2814.0,1537.0,500.0
2023,8,17,창2동,도봉구,7911.0,691.0,2708.0,2628.0,1466.0,418.0
2023,8,16,창2동,도봉구,7943.0,708.0,2743.0,2618.0,1441.0,433.0
2023,8,18,방학2동,도봉구,5030.0,405.0,1557.0,1902.0,952.0,214.0
2023,8,17,방학2동,도봉구,4820.0,384.0,1557.0,1910.0,795.0,174.0
2023,8,16,방학2동,도봉구,4986.0,401.0,1518.0,2011.0,877.0,179.0
2023,8,18,신정6동,양천구,6586.0,296.0,1386.0,2496.0,1676.0,732.0
2023,8,17,신정6동,양천구,6382.0,305.0,1313.0,2297.0,1613.0,854.0
2023,8,16,신정6동,양천구,6390.0,301.0,1322.0,2392.0,1651.0,724.0
2023,8,18,남가좌2동,서대문구,13068.0,920.0,3510.0,5051.0,2636.0,951.0
2023,8,17,남가좌2동,서대문구,13322.0,963.0,3675.0,5224.0,2559.0,901.0
2023,8,18,북가좌2동,서대문구,12459.0,862.0,3252.0,4359.0,2862.0,1124.0
2023,8,17,북가좌2동,서대문구,12021.0,871.0,3246.0,4259.0,2664.0,981.0
2023,8,18,북아현동,서대문구,8108.0,300.0,1443.0,3020.0,2281.0,1064.0
2023,8,17,북아현동,서대문구,7791.0,295.0,1491.0,2870.0,2167.0,968.0
2023,8,18,신촌동,서대문구,88767.0,2102.0,12235.0,32318.0,26860.0,15252.0
2023,8,17,신촌동,서대문구,86060.0,2153.0,12432.0,31090.0,26325.0,14060.0
2023,8,18,염리동,마포구,4547.0,159.0,779.0,2002.0,1049.0,558.0
2023,8,17,염리동,마포구,3999.0,165.0,806.0,1493.0,976.0,559.0
2023,8,18,합정동,마포구,7301.0,248.0,1006.0,2517.0,2130.0,1400.0
2023,8,17,합정동,마포구,7104.0,236.0,1031.0,2397.0,2160.0,1280.0
2023,8,18,망원1동,마포구,6724.0,354.0,1942.0,2376.0,1469.0,583.0
2023,8,17,망원1동,마포구,6470.0,341.0,1943.0,2360.0,1305.0,521.0
2023,8,18,망원2동,마포구,5476.0,343.0,1589.0,1687.0,1332.0,525.0
2023,8,17,망원2동,마포구,5327.0,331.0,1653.0,1596.0,1261.0,486.0
2023,8,18,사직동,종로구,90997.0,1354.0,7502.0,29981.0,40175.0,11985.0
2023,8,17,사직동,종로구,90734.0,1403.0,7701.0,29004.0,40590.0,12036.0
2023,8,18,삼청동,종로구,4686.0,78.0,470.0,2040.0,1645.0,453.0
2023,8,17,삼청동,종로구,4753.0,77.0,526.0,2111.0,1592.0,447.0
2023,8,18,부암동,종로구,9018.0,462.0,1902.0,3873.0,2218.0,563.0
2023,8,17,부암동,종로구,8963.0,493.0,1964.0,3713.0,2231.0,562.0
2023,8,18,무악동,종로구,2169.0,52.0,246.0,894.0,626.0,351.0
2023,8,17,무악동,종로구,2075.0,57.0,282.0,812.0,621.0,303.0
2023,8,18,교남동,종로구,11501.0,297.0,1766.0,4760.0,3319.0,1359.0
2023,8,17,교남동,종로구,11204.0,330.0,1838.0,4328.0,3325.0,1383.0
2023,8,18,가회동,종로구,2619.0,51.0,682.0,1194.0,599.0,93.0
2023,8,17,가회동,종로구,2484.0,65.0,568.0,1183.0,570.0,98.0
2023,8,18,왕십리2동,성동구,20725.0,1048.0,7210.0,6651.0,4482.0,1334.0
2023,8,17,왕십리2동,성동구,20228.0,1071.0,7447.0,6261.0,4235.0,1214.0
2023,8,18,마장동,성동구,13001.0,735.0,3448.0,4730.0,3162.0,926.0
2023,8,17,마장동,성동구,12815.0,775.0,3470.0,4506.0,3205.0,859.0
2023,8,18,사근동,성동구,17315.0,591.0,3090.0,6095.0,5938.0,1601.0
2023,8,17,사근동,성동구,18367.0,635.0,3120.0,7166.0,5821.0,1625.0
2023,8,18,행당1동,성동구,47419.0,1640.0,9768.0,15137.0,13194.0,7680.0
2023,8,17,행당1동,성동구,46649.0,1677.0,10186.0,15224.0,12554.0,7008.0
2023,8,18,행당2동,성동구,15147.0,1177.0,5424.0,4719.0,2812.0,1015.0
2023,8,17,행당2동,성동구,14659.0,1196.0,5430.0,4522.0,2524.0,987.0
2023,8,18,응봉동,성동구,5674.0,359.0,2127.0,2088.0,867.0,233.0
2023,8,17,응봉동,성동구,5331.0,360.0,2073.0,1908.0,804.0,186.0
2023,8,18,금호4가동,성동구,17423.0,953.0,5798.0,5721.0,3731.0,1220.0
2023,8,17,금호4가동,성동구,16916.0,966.0,5955.0,5411.0,3492.0,1092.0
2023,8,18,성수1가1동,성동구,14159.0,451.0,2489.0,4300.0,5429.0,1490.0
2023,8,17,성수1가1동,성동구,13802.0,467.0,2541.0,4014.0,5399.0,1381.0
2023,8,18,성수1가2동,성동구,30656.0,601.0,2970.0,8590.0,14651.0,3844.0
2023,8,17,성수1가2동,성동구,29929.0,575.0,2991.0,8022.0,14678.0,3663.0
2023,8,18,성수2가3동,성동구,52159.0,841.0,4497.0,13768.0,26286.0,6767.0
2023,8,17,성수2가3동,성동구,50042.0,813.0,4647.0,12099.0,26152.0,6331.0
2023,8,18,송정동,성동구,3557.0,292.0,1010.0,1114.0,954.0,187.0
2023,8,17,송정동,성동구,3483.0,294.0,1043.0,1051.0,917.0,178.0
2023,8,18,용답동,성동구,48317.0,2843.0,16422.0,13421.0,12738.0,2893.0
2023,8,17,용답동,성동구,47455.0,2916.0,16740.0,13048.0,12021.0,2730.0
2023,8,18,왕십리도선동,성동구,8919.0,455.0,2024.0,2971.0,2504.0,965.0
2023,8,17,왕십리도선동,성동구,8610.0,485.0,2065.0,2797.0,2345.0,918.0
2023,8,18,"금호2,3가동",성동구,5946.0,304.0,1648.0,2226.0,1339.0,429.0
2023,8,17,"금호2,3가동",성동구,5577.0,305.0,1710.0,2008.0,1161.0,393.0
2023,8,18,군자동,광진구,10346.0,627.0,2606.0,3438.0,2566.0,1109.0
2023,8,17,군자동,광진구,9766.0,640.0,2622.0,3230.0,2283.0,991.0
2023,8,18,중곡1동,광진구,5156.0,480.0,1300.0,1560.0,1283.0,533.0
2023,8,17,중곡1동,광진구,4785.0,453.0,1254.0,1489.0,1145.0,444.0
2023,8,18,중곡2동,광진구,6599.0,470.0,1682.0,2390.0,1526.0,531.0
2023,8,17,중곡2동,광진구,6373.0,470.0,1721.0,2295.0,1382.0,505.0
2023,8,18,능동,광진구,51676.0,2731.0,14325.0,15723.0,13520.0,5377.0
2023,8,17,능동,광진구,48997.0,2705.0,14700.0,13857.0,13009.0,4726.0
2023,8,18,구의1동,광진구,35525.0,1992.0,12117.0,10856.0,7926.0,2634.0
2023,8,17,구의1동,광진구,34503.0,2027.0,12476.0,10311.0,7141.0,2548.0
2023,8,18,구의2동,광진구,24352.0,1645.0,7547.0,8094.0,5395.0,1671.0
2023,8,17,구의2동,광진구,23095.0,1633.0,7623.0,7447.0,4841.0,1551.0
2023,8,18,광장동,광진구,20441.0,1185.0,6149.0,6852.0,4694.0,1561.0
2023,8,17,광장동,광진구,20231.0,1193.0,6267.0,6762.0,4356.0,1653.0
2023,8,18,자양1동,광진구,7107.0,358.0,1994.0,2552.0,1704.0,499.0
2023,8,17,자양1동,광진구,6762.0,360.0,2017.0,2288.0,1537.0,560.0
2023,8,18,자양2동,광진구,7618.0,702.0,2444.0,2329.0,1623.0,520.0
2023,8,17,자양2동,광진구,7472.0,741.0,2475.0,2301.0,1499.0,456.0
2023,8,18,휘경1동,동대문구,31815.0,1464.0,9211.0,11789.0,6993.0,2358.0
2023,8,17,휘경1동,동대문구,30936.0,1435.0,9432.0,11227.0,6761.0,2081.0
2023,8,18,청량리동,동대문구,14342.0,916.0,3084.0,5510.0,3458.0,1374.0
2023,8,17,청량리동,동대문구,13789.0,936.0,3120.0,5207.0,3295.0,1231.0
2023,8,18,용신동,동대문구,77190.0,3296.0,14142.0,30973.0,22622.0,6157.0
2023,8,17,용신동,동대문구,74766.0,3310.0,14439.0,29671.0,21964.0,5382.0
2023,8,18,제기동,동대문구,30483.0,1632.0,6695.0,12198.0,7662.0,2296.0
2023,8,17,제기동,동대문구,29947.0,1717.0,6714.0,11783.0,7458.0,2275.0
2023,8,18,전농1동,동대문구,56642.0,2618.0,11917.0,22265.0,14882.0,4960.0
2023,8,17,전농1동,동대문구,52958.0,2698.0,12228.0,20877.0,13101.0,4054.0
2023,8,18,답십리2동,동대문구,12052.0,975.0,3223.0,3874.0,3027.0,953.0
2023,8,17,답십리2동,동대문구,11799.0,996.0,3259.0,3729.0,2902.0,913.0
2023,8,18,이문1동,동대문구,14340.0,845.0,3249.0,5905.0,3318.0,1023.0
2023,8,17,이문1동,동대문구,13396.0,835.0,3416.0,5226.0,2986.0,933.0
2023,8,18,이문2동,동대문구,10521.0,870.0,4313.0,3111.0,1772.0,455.0
2023,8,17,이문2동,동대문구,10297.0,926.0,4387.0,2884.0,1674.0,426.0
2023,8,18,면목5동,중랑구,5461.0,499.0,1828.0,1566.0,1192.0,376.0
2023,8,17,면목5동,중랑구,5179.0,509.0,1838.0,1464.0,1015.0,353.0
2023,8,18,면목7동,중랑구,6695.0,431.0,1545.0,2282.0,1778.0,659.0
2023,8,17,면목7동,중랑구,6487.0,456.0,1518.0,2219.0,1706.0,588.0
2023,8,18,상봉1동,중랑구,7368.0,699.0,2808.0,2470.0,1136.0,255.0
2023,8,17,상봉1동,중랑구,7363.0,697.0,2902.0,2454.0,1075.0,235.0
2023,8,18,중화1동,중랑구,3977.0,219.0,930.0,1449.0,1042.0,337.0
2023,8,17,중화1동,중랑구,3783.0,232.0,935.0,1346.0,917.0,353.0
2023,8,18,중화2동,중랑구,26667.0,2279.0,8699.0,8027.0,5706.0,1956.0
2023,8,17,중화2동,중랑구,25948.0,2321.0,8829.0,7690.0,5369.0,1739.0
2023,8,18,묵1동,중랑구,8329.0,284.0,1679.0,3181.0,2174.0,1011.0
2023,8,17,묵1동,중랑구,8148.0,296.0,1699.0,3034.0,2167.0,952.0
2023,8,18,신내1동,중랑구,27022.0,2300.0,10119.0,8396.0,4978.0,1229.0
2023,8,17,신내1동,중랑구,26875.0,2353.0,10542.0,8109.0,4689.0,1182.0
2023,8,18,신내2동,중랑구,11623.0,567.0,2236.0,4111.0,3462.0,1247.0
2023,8,17,신내2동,중랑구,11484.0,538.0,2376.0,3908.0,3362.0,1300.0
2023,8,18,망우본동,중랑구,23250.0,1527.0,5760.0,8821.0,5468.0,1674.0
2023,8,17,망우본동,중랑구,22267.0,1494.0,5885.0,8492.0,4986.0,1410.0
2023,8,18,돈암2동,성북구,6263.0,469.0,2136.0,2385.0,1042.0,231.0
2023,8,17,돈암2동,성북구,6102.0,449.0,2211.0,2298.0,935.0,209.0
2023,8,18,안암동,성북구,21111.0,537.0,2871.0,8630.0,6685.0,2388.0
2023,8,17,안암동,성북구,20743.0,549.0,2914.0,8400.0,6538.0,2342.0
2023,8,18,보문동,성북구,16132.0,903.0,5102.0,5206.0,3691.0,1230.0
2023,8,17,보문동,성북구,16016.0,888.0,5124.0,5004.0,3720.0,1280.0
2023,8,18,정릉1동,성북구,13027.0,836.0,3939.0,4638.0,2669.0,945.0
2023,8,17,정릉1동,성북구,12549.0,764.0,3974.0,4516.0,2493.0,802.0
2023,8,18,정릉3동,성북구,7242.0,266.0,1250.0,3365.0,1777.0,584.0
2023,8,17,정릉3동,성북구,7110.0,284.0,1249.0,3220.0,1768.0,589.0
2023,8,18,길음1동,성북구,40132.0,3308.0,14052.0,12083.0,7927.0,2762.0
2023,8,17,길음1동,성북구,39635.0,3282.0,14438.0,11949.0,7297.0,2669.0
2023,8,18,길음2동,성북구,11823.0,619.0,1965.0,4313.0,3728.0,1198.0
2023,8,17,길음2동,성북구,11189.0,620.0,1923.0,4229.0,3421.0,996.0
2023,8,18,장위1동,성북구,9913.0,1005.0,3305.0,3468.0,1721.0,414.0
2023,8,17,장위1동,성북구,9425.0,1012.0,3261.0,3225.0,1566.0,361.0
2023,8,18,장위2동,성북구,17165.0,1281.0,5728.0,5257.0,3709.0,1190.0
2023,8,17,장위2동,성북구,17075.0,1337.0,5823.0,5203.0,3616.0,1096.0
2023,8,18,장위3동,성북구,6797.0,575.0,2148.0,2224.0,1373.0,477.0
2023,8,17,장위3동,성북구,6765.0,591.0,2264.0,2206.0,1323.0,381.0
2023,8,18,삼선동,성북구,61610.0,2625.0,13391.0,22905.0,15723.0,6966.0
2023,8,17,삼선동,성북구,58367.0,2622.0,13596.0,21298.0,14404.0,6447.0
2023,8,18,종암동,성북구,20406.0,1533.0,5279.0,7466.0,4485.0,1643.0
2023,8,17,종암동,성북구,19952.0,1511.0,5331.0,7300.0,4273.0,1537.0
2023,8,18,석관동,성북구,32793.0,2572.0,10227.0,10447.0,6840.0,2707.0
2023,8,17,석관동,성북구,32120.0,2639.0,10296.0,10172.0,6551.0,2462.0
2023,8,18,번2동,강북구,10120.0,795.0,2982.0,3715.0,2059.0,569.0
2023,8,17,번2동,강북구,9638.0,849.0,2982.0,3534.0,1759.0,514.0
2023,8,18,번3동,강북구,8187.0,859.0,2523.0,3035.0,1429.0,341.0
2023,8,17,번3동,강북구,7811.0,789.0,2567.0,2890.0,1254.0,311.0
2023,8,18,수유3동,강북구,22104.0,1611.0,3882.0,7187.0,6228.0,3196.0
2023,8,17,수유3동,강북구,21838.0,1597.0,3967.0,7286.0,6103.0,2885.0
2023,8,18,삼양동,강북구,13718.0,1263.0,5243.0,4453.0,2166.0,593.0
2023,8,17,삼양동,강북구,13512.0,1291.0,5430.0,4355.0,1931.0,505.0
2023,8,18,미아동,강북구,28081.0,2021.0,7120.0,10223.0,6701.0,2016.0
2023,8,17,미아동,강북구,27349.0,1995.0,7307.0,9826.0,6327.0,1894.0
2023,8,18,삼각산동,강북구,8435.0,817.0,2169.0,3181.0,1709.0,559.0
2023,8,17,삼각산동,강북구,8024.0,872.0,2124.0,3072.0,1447.0,509.0
2023,8,18,우이동,강북구,16440.0,1423.0,5012.0,6291.0,2900.0,814.0
2023,8,17,우이동,강북구,16050.0,1450.0,5002.0,6112.0,2782.0,704.0
2023,8,18,쌍문1동,도봉구,8733.0,538.0,2600.0,3469.0,1737.0,389.0
2023,8,17,쌍문1동,도봉구,8504.0,517.0,2544.0,3538.0,1555.0,350.0
2023,8,18,쌍문2동,도봉구,10561.0,1073.0,2982.0,3744.0,2075.0,687.0
2023,8,17,쌍문2동,도봉구,10186.0,1076.0,3108.0,3588.0,1797.0,617.0
2023,8,18,쌍문3동,도봉구,8843.0,745.0,1975.0,3282.0,2030.0,811.0
2023,8,17,쌍문3동,도봉구,8587.0,772.0,1939.0,3236.0,1917.0,723.0
2023,8,18,연남동,마포구,7785.0,325.0,1420.0,2711.0,2095.0,1234.0
2023,8,17,연남동,마포구,7568.0,315.0,1501.0,2647.0,1983.0,1122.0
2023,8,18,성산1동,마포구,8681.0,430.0,2193.0,3280.0,2127.0,651.0
2023,8,17,성산1동,마포구,8521.0,421.0,2168.0,3175.0,2131.0,626.0
2023,8,18,도화동,마포구,8940.0,264.0,1713.0,3168.0,2613.0,1182.0
2023,8,17,도화동,마포구,8568.0,275.0,1808.0,2871.0,2514.0,1100.0
2023,8,18,홍은1동,서대문구,8038.0,461.0,2018.0,3000.0,1867.0,692.0
2023,8,17,홍은1동,서대문구,7859.0,465.0,2063.0,2932.0,1707.0,692.0
2023,8,16,홍은1동,서대문구,7773.0,450.0,1994.0,2977.0,1748.0,604.0
2023,8,18,대흥동,마포구,45920.0,1586.0,9566.0,16365.0,12703.0,5700.0
2023,8,17,대흥동,마포구,42881.0,1600.0,9728.0,14981.0,11819.0,4753.0
2023,8,16,대흥동,마포구,43353.0,1620.0,9639.0,15468.0,11914.0,4712.0
2023,8,18,서교동,마포구,203156.0,5961.0,27587.0,59594.0,65388.0,44626.0
2023,8,17,서교동,마포구,192913.0,5709.0,28024.0,56198.0,63743.0,39239.0
2023,8,16,서교동,마포구,189221.0,5696.0,27983.0,56154.0,62689.0,36699.0
2023,8,18,"종로1,2,3,4가동",종로구,198895.0,2714.0,12386.0,72136.0,81050.0,30609.0
2023,8,17,"종로1,2,3,4가동",종로구,194808.0,2689.0,12438.0,67545.0,82266.0,29870.0
2023,8,16,"종로1,2,3,4가동",종로구,192604.0,2638.0,12316.0,68713.0,82142.0,26795.0
2023,8,18,중곡3동,광진구,17722.0,1286.0,5551.0,5876.0,4050.0,959.0
2023,8,17,중곡3동,광진구,16875.0,1337.0,5651.0,5323.0,3621.0,943.0
2023,8,16,중곡3동,광진구,16853.0,1314.0,5538.0,5514.0,3698.0,789.0
2023,8,18,휘경2동,동대문구,12696.0,752.0,2930.0,5052.0,2797.0,1165.0
2023,8,17,휘경2동,동대문구,12548.0,778.0,3003.0,4892.0,2728.0,1147.0
2023,8,16,휘경2동,동대문구,12515.0,811.0,3016.0,4876.0,2825.0,987.0
2023,8,18,장안1동,동대문구,21520.0,1051.0,4832.0,6646.0,6771.0,2220.0
2023,8,17,장안1동,동대문구,20939.0,1060.0,4930.0,6206.0,6508.0,2235.0
2023,8,16,장안1동,동대문구,20685.0,1036.0,4731.0,6350.0,6548.0,2020.0
2023,8,18,묵2동,중랑구,14769.0,1273.0,5220.0,4757.0,2702.0,817.0
2023,8,17,묵2동,중랑구,14289.0,1244.0,5381.0,4504.0,2455.0,705.0
2023,8,16,묵2동,중랑구,14304.0,1300.0,5346.0,4650.0,2357.0,651.0
2023,8,18,정릉2동,성북구,11602.0,984.0,3860.0,3967.0,2116.0,675.0
2023,8,17,정릉2동,성북구,11349.0,1016.0,3932.0,3848.0,1886.0,667.0
2023,8,16,정릉2동,성북구,11427.0,1060.0,3729.0,4162.0,1845.0,631.0
2023,8,18,동선동,성북구,18899.0,666.0,2526.0,6020.0,5534.0,4153.0
2023,8,17,동선동,성북구,18414.0,684.0,2519.0,5924.0,5479.0,3808.0
2023,8,16,동선동,성북구,18554.0,619.0,2556.0,6346.0,5338.0,3695.0
2023,8,18,송천동,강북구,44347.0,3847.0,13786.0,15251.0,8647.0,2816.0
2023,8,17,송천동,강북구,42648.0,3715.0,14192.0,14555.0,7811.0,2375.0
2023,8,16,송천동,강북구,42644.0,3755.0,13944.0,14844.0,7807.0,2294.0
2023,8,18,상암동,마포구,62468.0,2614.0,15891.0,17209.0,22180.0,4574.0
2023,8,17,상암동,마포구,62496.0,2715.0,16525.0,15672.0,22720.0,4864.0
2023,8,16,상암동,마포구,62279.0,2647.0,16407.0,16075.0,22400.0,4750.0
2023,8,18,신월6동,양천구,5725.0,650.0,1813.0,1898.0,1086.0,278.0
2023,8,17,신월6동,양천구,5577.0,647.0,1777.0,1842.0,1042.0,269.0
2023,8,16,신월6동,양천구,5630.0,677.0,1774.0,1866.0,1033.0,280.0
2023,8,18,소공동,중구,92357.0,1036.0,5024.0,30198.0,44839.0,11260.0
2023,8,17,소공동,중구,91890.0,1048.0,5108.0,28546.0,44862.0,12326.0
2023,8,16,소공동,중구,90612.0,1113.0,5029.0,28146.0,45591.0,10733.0
2023,8,18,방학3동,도봉구,9862.0,980.0,3365.0,3482.0,1609.0,426.0
2023,8,17,방학3동,도봉구,9731.0,1033.0,3436.0,3503.0,1379.0,380.0
2023,8,16,방학3동,도봉구,9763.0,1055.0,3483.0,3538.0,1314.0,373.0
2023,8,18,염창동,강서구,15275.0,604.0,3291.0,4946.0,4590.0,1844.0
2023,8,17,염창동,강서구,15024.0,572.0,3473.0,4605.0,4512.0,1862.0
2023,8,16,염창동,강서구,14879.0,587.0,3290.0,4936.0,4377.0,1689.0
2023,8,18,공항동,강서구,18497.0,1311.0,5462.0,6336.0,4072.0,1316.0
2023,8,17,공항동,강서구,18270.0,1287.0,5574.0,6346.0,3795.0,1268.0
2023,8,16,공항동,강서구,17967.0,1281.0,5447.0,6299.0,3766.0,1174.0
2023,8,18,개봉3동,구로구,4665.0,443.0,1619.0,1524.0,851.0,228.0
2023,8,17,개봉3동,구로구,4523.0,469.0,1637.0,1510.0,732.0,175.0
2023,8,16,개봉3동,구로구,4473.0,469.0,1607.0,1515.0,704.0,178.0
2023,8,18,시흥1동,금천구,27599.0,1686.0,7104.0,9241.0,7068.0,2500.0
2023,8,17,시흥1동,금천구,26448.0,1735.0,7212.0,8721.0,6587.0,2193.0
2023,8,16,시흥1동,금천구,26647.0,1699.0,7289.0,9227.0,6448.0,1984.0
2023,8,18,신길1동,영등포구,21517.0,1622.0,8069.0,6041.0,4470.0,1315.0
2023,8,17,신길1동,영등포구,20655.0,1630.0,8243.0,5602.0,4056.0,1124.0
2023,8,16,신길1동,영등포구,20746.0,1661.0,8167.0,5663.0,4149.0,1106.0
2023,8,18,도림동,영등포구,5666.0,334.0,2247.0,1795.0,992.0,298.0
2023,8,17,도림동,영등포구,5731.0,371.0,2257.0,1764.0,894.0,445.0
2023,8,16,도림동,영등포구,5657.0,363.0,2246.0,1780.0,901.0,367.0
2023,8,18,흑석동,동작구,28543.0,1233.0,6377.0,10796.0,7238.0,2899.0
2023,8,17,흑석동,동작구,27864.0,1295.0,6626.0,10277.0,6844.0,2822.0
2023,8,16,흑석동,동작구,27432.0,1279.0,6492.0,10579.0,6613.0,2469.0
2023,8,18,창신2동,종로구,141.0,3.0,43.0,38.0,28.0,29.0
2023,8,17,창신2동,종로구,119.0,6.0,28.0,33.0,32.0,20.0
2023,8,16,창신2동,종로구,92.0,5.0,27.0,44.0,8.0,8.0
2023,8,18,개포2동,강남구,19240.0,845.0,5550.0,7159.0,4409.0,1277.0
2023,8,17,개포2동,강남구,18694.0,826.0,5714.0,6801.0,4071.0,1282.0
2023,8,16,개포2동,강남구,18447.0,897.0,5475.0,6867.0,4005.0,1203.0
2023,8,18,삼전동,송파구,8850.0,489.0,2708.0,2788.0,2183.0,682.0
2023,8,17,삼전동,송파구,8293.0,507.0,2831.0,2505.0,1781.0,669.0
2023,8,16,삼전동,송파구,8056.0,503.0,2739.0,2592.0,1619.0,603.0
2023,8,18,고덕1동,강동구,4286.0,248.0,1113.0,1654.0,901.0,370.0
2023,8,17,고덕1동,강동구,4250.0,212.0,1164.0,1621.0,869.0,384.0
2023,8,16,고덕1동,강동구,4122.0,229.0,1161.0,1499.0,919.0,314.0
2023,8,18,길동,강동구,19468.0,1352.0,5284.0,6941.0,4405.0,1486.0
2023,8,17,길동,강동구,19029.0,1367.0,5511.0,6709.0,4093.0,1349.0
2023,8,16,길동,강동구,19024.0,1380.0,5296.0,6853.0,4141.0,1354.0
2023,8,18,효창동,용산구,14098.0,609.0,4193.0,4458.0,3880.0,958.0
2023,8,17,효창동,용산구,13954.0,629.0,4286.0,4159.0,3975.0,905.0
2023,8,16,효창동,용산구,13772.0,661.0,4286.0,4184.0,3813.0,828.0
2023,8,18,하계2동,노원구,24939.0,1917.0,8673.0,8154.0,4681.0,1514.0
2023,8,17,하계2동,노원구,25073.0,1897.0,8940.0,8433.0,4382.0,1421.0
2023,8,16,하계2동,노원구,25163.0,1931.0,8645.0,8898.0,4374.0,1315.0
2023,8,18,불광2동,은평구,12393.0,1048.0,2977.0,4801.0,2596.0,971.0
2023,8,17,불광2동,은평구,12224.0,1031.0,3001.0,4943.0,2386.0,863.0
2023,8,16,불광2동,은평구,12234.0,1030.0,2995.0,5046.0,2362.0,801.0
2023,8,18,홍제1동,서대문구,43596.0,2952.0,14257.0,14861.0,8972.0,2554.0
2023,8,17,홍제1동,서대문구,42510.0,3015.0,14525.0,14502.0,7975.0,2493.0
2023,8,16,홍제1동,서대문구,42767.0,3097.0,14505.0,14708.0,8109.0,2348.0
2023,8,18,연희동,서대문구,33283.0,1723.0,6866.0,12617.0,8842.0,3235.0
2023,8,17,연희동,서대문구,32108.0,1783.0,6690.0,12213.0,8361.0,3061.0
2023,8,16,연희동,서대문구,31773.0,1758.0,6615.0,12362.0,8224.0,2814.0
2023,8,18,평창동,종로구,9058.0,509.0,2103.0,3729.0,2106.0,611.0
2023,8,17,평창동,종로구,8861.0,498.0,2159.0,3511.0,2054.0,639.0
2023,8,16,평창동,종로구,9327.0,511.0,2197.0,3777.0,2262.0,580.0
2023,8,18,금호1가동,성동구,11513.0,621.0,4024.0,3989.0,2307.0,572.0
2023,8,17,금호1가동,성동구,11325.0,623.0,4139.0,3862.0,2155.0,546.0
2023,8,16,금호1가동,성동구,11146.0,671.0,4079.0,3874.0,2046.0,476.0
2023,8,18,옥수동,성동구,18149.0,767.0,4791.0,6432.0,4628.0,1531.0
2023,8,17,옥수동,성동구,17963.0,838.0,4937.0,6236.0,4473.0,1479.0
2023,8,16,옥수동,성동구,17887.0,818.0,5016.0,6398.0,4330.0,1325.0
2023,8,18,자양4동,광진구,15720.0,968.0,3931.0,4579.0,4105.0,2137.0
2023,8,17,자양4동,광진구,15829.0,953.0,4037.0,4472.0,3978.0,2389.0
2023,8,16,자양4동,광진구,15815.0,1018.0,4014.0,4577.0,3876.0,2330.0
2023,8,18,면목4동,중랑구,12014.0,1130.0,4380.0,3582.0,2230.0,692.0
2023,8,17,면목4동,중랑구,11809.0,1162.0,4415.0,3487.0,2125.0,620.0
2023,8,16,면목4동,중랑구,11707.0,1162.0,4329.0,3484.0,2076.0,656.0
2023,8,18,면목본동,중랑구,30551.0,2476.0,9553.0,9491.0,6931.0,2100.0
2023,8,17,면목본동,중랑구,29666.0,2459.0,9725.0,9063.0,6498.0,1921.0
2023,8,16,면목본동,중랑구,29897.0,2494.0,9766.0,9328.0,6468.0,1841.0
2023,8,18,월곡1동,성북구,12343.0,645.0,2703.0,4803.0,2979.0,1213.0
2023,8,17,월곡1동,성북구,12180.0,639.0,2765.0,4817.0,2887.0,1072.0
2023,8,16,월곡1동,성북구,12209.0,618.0,2747.0,4990.0,2819.0,1035.0
2023,8,18,수유1동,강북구,15644.0,1598.0,4534.0,5898.0,2925.0,689.0
2023,8,17,수유1동,강북구,15074.0,1670.0,4500.0,5720.0,2555.0,629.0
2023,8,16,수유1동,강북구,15607.0,1698.0,4555.0,6155.0,2577.0,622.0
2023,8,18,방학1동,도봉구,17202.0,1462.0,4848.0,6043.0,3605.0,1244.0
2023,8,17,방학1동,도봉구,16749.0,1496.0,4907.0,5760.0,3398.0,1188.0
2023,8,16,방학1동,도봉구,16841.0,1527.0,4815.0,6151.0,3244.0,1104.0
2023,8,18,신월2동,양천구,7833.0,560.0,2037.0,2616.0,1942.0,678.0
2023,8,17,신월2동,양천구,7677.0,549.0,2136.0,2508.0,1885.0,599.0
2023,8,16,신월2동,양천구,7566.0,554.0,2042.0,2491.0,1860.0,619.0
2023,8,18,노량진2동,동작구,14391.0,644.0,2361.0,4483.0,4479.0,2424.0
2023,8,17,노량진2동,동작구,13833.0,606.0,2320.0,4146.0,4439.0,2322.0
2023,8,16,노량진2동,동작구,13759.0,619.0,2311.0,4216.0,4282.0,2331.0
2023,8,18,도봉2동,도봉구,24653.0,2131.0,9061.0,7915.0,4273.0,1273.0
2023,8,17,도봉2동,도봉구,24550.0,2258.0,9244.0,7703.0,4163.0,1182.0
2023,8,16,도봉2동,도봉구,24717.0,2302.0,9038.0,8221.0,4053.0,1103.0
2023,8,18,화곡8동,강서구,9214.0,518.0,1747.0,2943.0,2739.0,1267.0
2023,8,17,화곡8동,강서구,8840.0,521.0,1683.0,2806.0,2609.0,1221.0
2023,8,16,화곡8동,강서구,8840.0,476.0,1709.0,2843.0,2648.0,1164.0
2023,8,18,구로4동,구로구,7994.0,420.0,1530.0,3075.0,2201.0,768.0
2023,8,17,구로4동,구로구,7858.0,434.0,1532.0,3029.0,2130.0,733.0
2023,8,16,구로4동,구로구,7914.0,439.0,1502.0,3050.0,2173.0,750.0
2023,8,18,독산1동,금천구,29525.0,1742.0,8277.0,8677.0,8956.0,1873.0
2023,8,17,독산1동,금천구,28956.0,1791.0,8332.0,8262.0,8734.0,1837.0
2023,8,16,독산1동,금천구,28906.0,1834.0,8295.0,8385.0,8725.0,1667.0
2023,8,18,양평2동,영등포구,20382.0,763.0,4975.0,6199.0,6963.0,1482.0
2023,8,17,양평2동,영등포구,20550.0,826.0,5217.0,5913.0,7008.0,1586.0
2023,8,16,양평2동,영등포구,19892.0,849.0,5084.0,5656.0,6893.0,1410.0
2023,8,18,상도2동,동작구,22471.0,1395.0,6714.0,7917.0,4848.0,1597.0
2023,8,17,상도2동,동작구,21691.0,1389.0,6896.0,7542.0,4336.0,1528.0
2023,8,16,상도2동,동작구,21741.0,1406.0,6838.0,7584.0,4498.0,1415.0
2023,8,18,청림동,관악구,4571.0,419.0,1858.0,1418.0,748.0,128.0
2023,8,17,청림동,관악구,4525.0,418.0,1942.0,1403.0,622.0,140.0
2023,8,16,청림동,관악구,4430.0,411.0,1937.0,1349.0,625.0,108.0
2023,8,18,대학동,관악구,25253.0,1264.0,4657.0,9339.0,7789.0,2204.0
2023,8,17,대학동,관악구,25181.0,1310.0,4575.0,9106.0,7709.0,2481.0
2023,8,16,대학동,관악구,25547.0,1277.0,4689.0,9028.0,7948.0,2605.0
2023,8,18,반포1동,서초구,23609.0,894.0,5804.0,8049.0,6202.0,2660.0
2023,8,17,반포1동,서초구,23227.0,880.0,6031.0,7900.0,5872.0,2544.0
2023,8,16,반포1동,서초구,23085.0,896.0,5911.0,8004.0,5856.0,2418.0
2023,8,18,논현2동,강남구,65005.0,949.0,6072.0,18293.0,32506.0,7185.0
2023,8,17,논현2동,강남구,65843.0,960.0,6247.0,16558.0,33802.0,8276.0
2023,8,16,논현2동,강남구,65299.0,865.0,6003.0,16671.0,34141.0,7619.0
2023,8,18,신정3동,양천구,30701.0,2616.0,10419.0,10467.0,5605.0,1594.0
2023,8,17,신정3동,양천구,29848.0,2621.0,10562.0,10024.0,5220.0,1421.0
2023,8,16,신정3동,양천구,29591.0,2697.0,10246.0,10164.0,5110.0,1374.0
2023,8,18,여의동,영등포구,166127.0,2468.0,12722.0,49151.0,82955.0,18831.0
2023,8,17,여의동,영등포구,165634.0,2512.0,12993.0,44936.0,84741.0,20452.0
2023,8,16,여의동,영등포구,162687.0,2524.0,12842.0,43929.0,84432.0,18960.0
2023,8,18,성현동,관악구,10802.0,772.0,3615.0,4032.0,1836.0,547.0
2023,8,17,성현동,관악구,10393.0,719.0,3727.0,3814.0,1664.0,469.0
2023,8,16,성현동,관악구,10569.0,767.0,3678.0,4031.0,1632.0,461.0
2023,8,18,가락본동,송파구,10535.0,560.0,1964.0,3657.0,3053.0,1301.0
2023,8,17,가락본동,송파구,10591.0,576.0,2046.0,3523.0,3109.0,1337.0
2023,8,16,가락본동,송파구,10581.0,556.0,2066.0,3554.0,3159.0,1246.0
2023,8,18,성수2가1동,성동구,6562.0,674.0,1948.0,2090.0,1393.0,457.0
2023,8,17,성수2가1동,성동구,6171.0,671.0,1933.0,1880.0,1302.0,385.0
2023,8,16,성수2가1동,성동구,6235.0,675.0,1866.0,1928.0,1348.0,418.0
2023,8,18,북가좌1동,서대문구,6762.0,813.0,2402.0,2184.0,1047.0,316.0
2023,8,17,북가좌1동,서대문구,6552.0,780.0,2366.0,2164.0,943.0,299.0
2023,8,16,북가좌1동,서대문구,6500.0,812.0,2396.0,2100.0,926.0,266.0
2023,8,18,서강동,마포구,28555.0,1126.0,6322.0,8936.0,8340.0,3831.0
2023,8,17,서강동,마포구,27049.0,1058.0,6443.0,8233.0,7962.0,3353.0
2023,8,16,서강동,마포구,27349.0,1049.0,6474.0,8585.0,8075.0,3166.0
2023,8,18,신림동,관악구,22182.0,956.0,3528.0,6562.0,7045.0,4091.0
2023,8,17,신림동,관악구,21953.0,970.0,3561.0,6251.0,7337.0,3834.0
2023,8,16,신림동,관악구,21718.0,909.0,3465.0,6495.0,7229.0,3620.0
2023,8,18,공릉1동,노원구,38518.0,2712.0,11251.0,12976.0,8321.0,3258.0
2023,8,17,공릉1동,노원구,37753.0,2803.0,11495.0,12348.0,7876.0,3231.0
2023,8,16,공릉1동,노원구,37032.0,2782.0,11409.0,12160.0,7795.0,2886.0
2023,8,18,답십리1동,동대문구,8550.0,617.0,2713.0,2723.0,1908.0,589.0
2023,8,17,답십리1동,동대문구,8400.0,648.0,2688.0,2685.0,1818.0,561.0
2023,8,16,답십리1동,동대문구,8299.0,608.0,2580.0,2744.0,1815.0,552.0
2023,8,18,장지동,송파구,30543.0,1613.0,8798.0,9392.0,8571.0,2169.0
2023,8,17,장지동,송파구,29861.0,1687.0,8984.0,9128.0,8182.0,1880.0
2023,8,16,장지동,송파구,29807.0,1663.0,8978.0,9259.0,8167.0,1740.0
2023,8,18,위례동,송파구,15290.0,1196.0,4867.0,4709.0,3354.0,1164.0
2023,8,17,위례동,송파구,15027.0,1258.0,4932.0,4417.0,3231.0,1189.0
2023,8,16,위례동,송파구,15045.0,1246.0,4861.0,4484.0,3342.0,1112.0
2023,8,18,홍제3동,서대문구,10247.0,645.0,2485.0,3709.0,2490.0,918.0
2023,8,17,홍제3동,서대문구,10133.0,646.0,2438.0,3871.0,2344.0,834.0
